ctime,schemaname,relname,seq_scan,seq_tup_read,idx_scan,idx_tup_fetch,n_tup_ins,n_tup_upd,n_tup_del,n_tup_hot_upd,n_live_tup,n_dead_tup,heap_blks_read,heap_blks_hit,idx_blks_read,idx_blks_hit,toast_blks_read,toast_blks_hit,tidx_blks_read,tidx_blks_hit
1415225937.48534,pg_catalog,pg_auth_members,0,0,0,0,0,0,0,0,0,0,0,0,0,0,,,,
1415225937.48534,pg_catalog,pg_operator,0,0,73680,369436,0,0,0,0,0,0,805,260443,731,160941,,,,
1415225937.48534,pg_catalog,pg_aggregate,0,0,5053,5053,0,0,0,0,0,0,121,4932,323,8503,,,,
1415225937.48534,pg_catalog,pg_pltemplate,0,0,0,0,0,0,0,0,0,0,0,0,0,0,,,,
1415225937.48534,pg_toast,pg_toast_11615,0,0,0,0,0,0,0,0,0,0,0,0,0,0,,,,
1415225937.48534,pg_catalog,pg_description,0,0,1220,0,0,0,0,0,0,0,0,0,371,2349,0,0,0,0
1415225937.48534,pg_catalog,pg_language,0,0,0,0,0,0,0,0,0,0,0,0,0,0,,,,
1415225937.48534,pg_catalog,pg_ts_parser,0,0,0,0,0,0,0,0,0,0,0,0,0,0,,,,
1415225937.48534,pg_catalog,pg_shseclabel,0,0,0,0,0,0,0,0,0,0,0,0,0,0,,,,
1415225937.48534,pg_catalog,pg_foreign_table,0,0,0,0,0,0,0,0,0,0,0,0,0,0,,,,
1415225937.48534,pg_toast,pg_toast_11620,0,0,0,0,0,0,0,0,0,0,0,0,0,0,,,,
1415225937.48534,pg_catalog,pg_attrdef,0,0,0,0,0,0,0,0,0,0,0,0,0,0,0,0,0,0
1415225937.48534,pg_catalog,pg_ts_template,0,0,0,0,0,0,0,0,0,0,0,0,0,0,,,,
1415225937.48534,pg_catalog,pg_foreign_server,0,0,0,0,0,0,0,0,0,0,0,0,0,0,,,,
1415225937.48534,pg_catalog,pg_default_acl,0,0,1160,0,0,0,0,0,0,0,0,0,123,1037,,,,
1415225937.48534,pg_toast,pg_toast_11595,0,0,0,0,0,0,0,0,0,0,0,0,0,0,,,,
1415225937.48534,public,supplier,0,0,,,0,0,0,0,0,0,0,0,,,,,,
1415225937.48534,information_schema,sql_packages,0,0,,,0,0,0,0,0,0,0,0,,,0,0,0,0
1415225937.48534,public,orders,0,0,,,0,0,0,0,0,0,0,0,,,,,,
1415225937.48534,pg_catalog,pg_attribute,660,4380,196287,434361,1808,42,1672,28,2383,666,3637,212421,1077,409666,,,,
1415225937.48534,pg_catalog,pg_statistic,0,0,53885,51688,351,1071,344,772,480,75,3447,51558,404,115806,9976,51589,124,45249
1415225937.48534,public,time_statistics,0,0,,,1,0,0,0,1,0,1,0,,,,,,
1415225937.48534,pg_toast,pg_toast_2618,0,0,1038,3367,0,0,0,0,0,0,803,1007,284,1286,,,,
1415225937.48534,pg_toast,pg_toast_3596,0,0,0,0,0,0,0,0,0,0,0,0,0,0,,,,
1415225937.48534,information_schema,sql_features,0,0,,,0,0,0,0,0,0,0,0,,,0,0,0,0
1415225937.48534,public,part,0,0,,,0,0,0,0,0,0,0,0,,,,,,
1415225937.48534,pg_catalog,pg_depend,0,0,11712,12572,2153,0,2120,0,6237,858,1784,14264,3011,30133,,,,
1415225937.48534,pg_toast,pg_toast_11605,0,0,0,0,0,0,0,0,0,0,0,0,0,0,,,,
1415225937.48534,pg_catalog,pg_opclass,120,120,57431,616507,0,0,0,0,0,0,73,220547,286,71067,,,,
1415225937.48534,pg_catalog,pg_proc,0,0,86880,128587,0,0,0,0,0,0,5695,90616,2044,191975,0,0,0,0
1415225937.48534,public,nation,2,50,0,0,25,0,0,0,25,0,1,3,0,0,,,,
1415225937.48534,pg_catalog,pg_trigger,0,0,0,0,0,0,0,0,0,0,0,0,0,0,0,0,0,0
1415225937.48534,information_schema,sql_languages,0,0,,,0,0,0,0,0,0,0,0,,,0,0,0,0
1415225937.48534,pg_catalog,pg_am,10001,10001,0,0,0,0,0,0,0,0,30,9971,0,0,,,,
1415225937.48534,pg_catalog,pg_largeobject_metadata,0,0,0,0,0,0,0,0,0,0,0,0,0,0,,,,
1415225937.48534,pg_catalog,pg_ts_config_map,0,0,0,0,0,0,0,0,0,0,0,0,0,0,,,,
1415225937.48534,pg_catalog,pg_type,0,0,220115,217955,575,0,556,0,367,61,883,219435,1407,432584,,,,
1415225937.48534,information_schema,sql_sizing_profiles,0,0,,,0,0,0,0,0,0,0,0,,,0,0,0,0
1415225937.48534,pg_catalog,pg_shdepend,0,0,1526,305,0,0,0,0,0,0,135,170,531,1567,,,,
1415225937.48534,pg_catalog,pg_conversion,0,0,0,0,0,0,0,0,0,0,0,0,0,0,,,,
1415225937.48534,pg_catalog,pg_foreign_data_wrapper,0,0,0,0,0,0,0,0,0,0,0,0,0,0,,,,
1415225937.48534,pg_catalog,pg_opfamily,0,0,0,0,0,0,0,0,0,0,0,0,0,0,,,,
1415225937.48534,pg_catalog,pg_shdescription,0,0,0,0,0,0,0,0,0,0,0,0,0,0,0,0,0,0
1415225937.48534,pg_catalog,pg_tablespace,2,4,6980,6980,0,0,0,0,0,0,41,6941,82,13878,,,,
1415225937.48534,pg_catalog,pg_inherits,0,0,280,0,0,0,0,0,0,0,0,0,139,141,,,,
1415225937.48534,pg_toast,pg_toast_2606,0,0,0,0,0,0,0,0,0,0,0,0,0,0,,,,
1415225937.48534,pg_toast,pg_toast_2964,0,0,0,0,0,0,0,0,0,0,0,0,0,0,,,,
1415225937.48534,pg_catalog,pg_database,781,3013,34658,34656,1,0,0,0,1,0,9,35429,120,54672,,,,
1415225937.48534,pg_toast,pg_toast_2620,0,0,0,0,0,0,0,0,0,0,0,0,0,0,,,,
1415225937.48534,information_schema,sql_sizing,0,0,,,0,0,0,0,0,0,0,0,,,0,0,0,0
1415225937.48534,pg_catalog,pg_amproc,120,240,42242,62888,0,0,0,0,0,0,108,41268,90,94201,,,,
1415225937.48534,public,customer,0,0,,,0,0,0,0,0,0,0,0,,,,,,
1415225937.48534,pg_catalog,pg_collation,0,0,0,0,0,0,0,0,0,0,0,0,0,0,,,,
1415225937.48534,pg_catalog,pg_constraint,0,0,66,32,34,0,32,0,4,32,22,181,40,330,0,0,0,0
1415225937.48534,pg_catalog,pg_range,0,0,2244,0,0,0,0,0,0,0,0,0,317,4171,,,,
1415225937.48534,pg_toast,pg_toast_11600,0,0,0,0,0,0,0,0,0,0,0,0,0,0,,,,
1415225937.48534,pg_toast,pg_toast_11590,0,0,0,0,0,0,0,0,0,0,0,0,0,0,,,,
1415225937.48534,information_schema,sql_implementation_info,0,0,,,0,0,0,0,0,0,0,0,,,0,0,0,0
1415225937.48534,pg_catalog,pg_user_mapping,0,0,0,0,0,0,0,0,0,0,0,0,0,0,,,,
1415225937.48534,pg_catalog,pg_largeobject,0,0,0,0,0,0,0,0,0,0,0,0,0,0,,,,
1415225937.48534,pg_catalog,pg_namespace,641,8920,47460,37909,14,0,0,0,14,0,54,38532,716,57584,,,,
1415225937.48534,information_schema,sql_parts,0,0,,,0,0,0,0,0,0,0,0,,,0,0,0,0
1415225937.48534,pg_catalog,pg_authid,289,289,19219,19219,0,0,0,0,0,0,33,19475,136,38302,,,,
1415225937.48534,pg_catalog,pg_index,1445,139994,95926,139136,194,0,192,0,112,100,452,121348,184,111203,,,,
1415225937.48534,pg_catalog,pg_ts_dict,0,0,0,0,0,0,0,0,0,0,0,0,0,0,,,,
1415225937.48534,public,partsupp,0,0,,,0,0,0,0,0,0,0,0,,,,,,
1415225937.48534,pg_catalog,pg_class,3527,764035,251086,233342,484,160,472,152,300,134,1132,262788,383,476330,,,,
1415225937.48534,pg_toast,pg_toast_2396,0,0,0,0,0,0,0,0,0,0,0,0,0,0,,,,
1415225937.48534,pg_catalog,pg_enum,0,0,0,0,0,0,0,0,0,0,0,0,0,0,,,,
1415225937.48534,pg_catalog,pg_db_role_setting,0,0,30225,0,0,0,0,0,0,0,0,0,30,30195,0,0,0,0
1415225937.48534,pg_catalog,pg_seclabel,0,0,1220,0,0,0,0,0,0,0,0,0,116,1104,0,0,0,0
1415225937.48534,pg_toast,pg_toast_2609,0,0,0,0,0,0,0,0,0,0,0,0,0,0,,,,
1415225937.48534,public,region,2,10,0,0,5,0,0,0,5,0,1,3,0,0,,,,
1415225937.48534,pg_toast,pg_toast_1255,0,0,0,0,0,0,0,0,0,0,0,0,0,0,,,,
1415225937.48534,pg_catalog,pg_rewrite,0,0,2757,2277,160,0,160,0,112,17,1348,2122,585,4109,803,1007,284,1286
1415225937.48534,pg_catalog,pg_ts_config,0,0,0,0,0,0,0,0,0,0,0,0,0,0,,,,
1415225937.48534,pg_catalog,pg_extension,0,0,0,0,0,0,0,0,0,0,0,0,0,0,,,,
1415225937.48534,pg_catalog,pg_amop,0,0,85118,123884,0,0,0,0,0,0,147,123737,504,181284,,,,
1415225937.48534,pg_catalog,pg_cast,0,0,307314,76157,0,0,0,0,0,0,107,76050,64,316528,,,,
1415225937.48534,pg_toast,pg_toast_2619,0,0,38897,129965,1294,0,1283,0,39,274,9976,51589,124,45249,,,,
1415225937.48534,pg_toast,pg_toast_11610,0,0,0,0,0,0,0,0,0,0,0,0,0,0,,,,
1415225937.48534,public,lineitem,0,0,,,0,0,0,0,0,0,0,0,,,,,,
1415225937.48534,pg_toast,pg_toast_2604,0,0,0,0,0,0,0,0,0,0,0,0,0,0,,,,
1415225997.49113,pg_catalog,pg_auth_members,0,0,0,0,0,0,0,0,0,0,0,0,0,0,,,,
1415225997.49113,pg_catalog,pg_operator,0,0,73722,369532,0,0,0,0,0,0,815,260511,732,161040,,,,
1415225997.49113,pg_catalog,pg_aggregate,0,0,5054,5054,0,0,0,0,0,0,122,4932,325,8503,,,,
1415225997.49113,pg_catalog,pg_pltemplate,0,0,0,0,0,0,0,0,0,0,0,0,0,0,,,,
1415225997.49113,pg_toast,pg_toast_11615,0,0,0,0,0,0,0,0,0,0,0,0,0,0,,,,
1415225997.49113,pg_catalog,pg_description,0,0,1220,0,0,0,0,0,0,0,0,0,371,2349,0,0,0,0
1415225997.49113,pg_catalog,pg_language,0,0,0,0,0,0,0,0,0,0,0,0,0,0,,,,
1415225997.49113,pg_catalog,pg_ts_parser,0,0,0,0,0,0,0,0,0,0,0,0,0,0,,,,
1415225997.49113,pg_catalog,pg_shseclabel,0,0,0,0,0,0,0,0,0,0,0,0,0,0,,,,
1415225997.49113,pg_catalog,pg_foreign_table,0,0,0,0,0,0,0,0,0,0,0,0,0,0,,,,
1415225997.49113,pg_toast,pg_toast_11620,0,0,0,0,0,0,0,0,0,0,0,0,0,0,,,,
1415225997.49113,pg_catalog,pg_attrdef,0,0,0,0,0,0,0,0,0,0,0,0,0,0,0,0,0,0
1415225997.49113,pg_catalog,pg_ts_template,0,0,0,0,0,0,0,0,0,0,0,0,0,0,,,,
1415225997.49113,pg_catalog,pg_foreign_server,0,0,0,0,0,0,0,0,0,0,0,0,0,0,,,,
1415225997.49113,pg_catalog,pg_default_acl,0,0,1160,0,0,0,0,0,0,0,0,0,123,1037,,,,
1415225997.49113,pg_toast,pg_toast_11595,0,0,0,0,0,0,0,0,0,0,0,0,0,0,,,,
1415225997.49113,public,supplier,4,400000,0,0,100000,0,0,0,100000,0,2312,15648,0,0,,,,
1415225997.49113,information_schema,sql_packages,0,0,,,0,0,0,0,0,0,0,0,,,0,0,0,0
1415225997.49113,public,orders,0,0,,,15000000,0,0,0,15000000,0,253333,543656,,,,,,
1415225997.49113,pg_catalog,pg_attribute,682,4526,196943,436108,1826,47,1672,33,2401,7,3659,213508,1098,411150,,,,
1415225997.49113,pg_catalog,pg_statistic,0,0,54007,51792,363,1156,344,856,492,141,3452,51770,404,116084,10000,52026,124,45392
1415225997.49113,public,time_statistics,0,0,,,1,0,0,0,1,0,1,0,,,,,,
1415225997.49113,pg_toast,pg_toast_2618,0,0,1042,3380,0,0,0,0,0,0,808,1009,284,1292,,,,
1415225997.49113,pg_toast,pg_toast_3596,0,0,0,0,0,0,0,0,0,0,0,0,0,0,,,,
1415225997.49113,information_schema,sql_features,0,0,,,0,0,0,0,0,0,0,0,,,0,0,0,0
1415225997.49113,public,part,4,8000000,0,0,2000000,0,0,0,2000000,0,79007,206149,0,0,,,,
1415225997.49113,pg_catalog,pg_depend,0,0,11766,12622,2178,0,2120,0,6262,858,1825,14392,3014,30364,,,,
1415225997.49113,pg_toast,pg_toast_11605,0,0,0,0,0,0,0,0,0,0,0,0,0,0,,,,
1415225997.49113,pg_catalog,pg_opclass,124,124,57583,618643,0,0,0,0,0,0,73,221131,286,71265,,,,
1415225997.49113,pg_catalog,pg_proc,0,0,86966,128714,0,0,0,0,0,0,5709,90709,2050,192162,0,0,0,0
1415225997.49113,public,nation,2,50,0,0,25,0,0,0,25,0,1,3,0,0,,,,
1415225997.49113,pg_catalog,pg_trigger,0,0,0,0,0,0,0,0,0,0,0,0,0,0,0,0,0,0
1415225997.49113,information_schema,sql_languages,0,0,,,0,0,0,0,0,0,0,0,,,0,0,0,0
1415225997.49113,pg_catalog,pg_am,10041,10041,0,0,0,0,0,0,0,0,30,10011,0,0,,,,
1415225997.49113,pg_catalog,pg_largeobject_metadata,0,0,0,0,0,0,0,0,0,0,0,0,0,0,,,,
1415225997.49113,pg_catalog,pg_ts_config_map,0,0,0,0,0,0,0,0,0,0,0,0,0,0,,,,
1415225997.49113,pg_catalog,pg_type,0,0,220314,218154,575,0,556,0,349,75,888,219640,1407,433011,,,,
1415225997.49113,information_schema,sql_sizing_profiles,0,0,,,0,0,0,0,0,0,0,0,,,0,0,0,0
1415225997.49113,pg_catalog,pg_shdepend,0,0,1526,305,0,0,0,0,0,0,135,170,531,1567,,,,
1415225997.49113,pg_catalog,pg_conversion,0,0,0,0,0,0,0,0,0,0,0,0,0,0,,,,
1415225997.49113,pg_catalog,pg_foreign_data_wrapper,0,0,0,0,0,0,0,0,0,0,0,0,0,0,,,,
1415225997.49113,pg_catalog,pg_opfamily,0,0,0,0,0,0,0,0,0,0,0,0,0,0,,,,
1415225997.49113,pg_catalog,pg_shdescription,0,0,0,0,0,0,0,0,0,0,0,0,0,0,0,0,0,0
1415225997.49113,pg_catalog,pg_tablespace,2,4,6985,6985,0,0,0,0,0,0,41,6946,82,13888,,,,
1415225997.49113,pg_catalog,pg_inherits,0,0,280,0,0,0,0,0,0,0,0,0,139,141,,,,
1415225997.49113,pg_toast,pg_toast_2606,0,0,0,0,0,0,0,0,0,0,0,0,0,0,,,,
1415225997.49113,pg_toast,pg_toast_2964,0,0,0,0,0,0,0,0,0,0,0,0,0,0,,,,
1415225997.49113,pg_catalog,pg_database,784,3025,34755,34753,1,0,0,0,1,0,9,35529,120,54825,,,,
1415225997.49113,pg_toast,pg_toast_2620,0,0,0,0,0,0,0,0,0,0,0,0,0,0,,,,
1415225997.49113,information_schema,sql_sizing,0,0,,,0,0,0,0,0,0,0,0,,,0,0,0,0
1415225997.49113,pg_catalog,pg_amproc,124,248,42338,63031,0,0,0,0,0,0,108,41369,90,94420,,,,
1415225997.49113,public,customer,6,9000000,0,0,1500000,0,0,0,1500000,0,68533,259579,0,0,,,,
1415225997.49113,pg_catalog,pg_collation,0,0,0,0,0,0,0,0,0,0,0,0,0,0,,,,
1415225997.49113,pg_catalog,pg_constraint,0,0,70,32,38,0,32,0,8,32,22,197,40,366,0,0,0,0
1415225997.49113,pg_catalog,pg_range,0,0,2244,0,0,0,0,0,0,0,0,0,317,4171,,,,
1415225997.49113,pg_toast,pg_toast_11600,0,0,0,0,0,0,0,0,0,0,0,0,0,0,,,,
1415225997.49113,pg_toast,pg_toast_11590,0,0,0,0,0,0,0,0,0,0,0,0,0,0,,,,
1415225997.49113,information_schema,sql_implementation_info,0,0,,,0,0,0,0,0,0,0,0,,,0,0,0,0
1415225997.49113,pg_catalog,pg_user_mapping,0,0,0,0,0,0,0,0,0,0,0,0,0,0,,,,
1415225997.49113,pg_catalog,pg_largeobject,0,0,0,0,0,0,0,0,0,0,0,0,0,0,,,,
1415225997.49113,pg_catalog,pg_namespace,644,8980,47518,37942,14,0,0,0,14,0,54,38568,716,57668,,,,
1415225997.49113,information_schema,sql_parts,0,0,,,0,0,0,0,0,0,0,0,,,0,0,0,0
1415225997.49113,pg_catalog,pg_authid,290,290,19272,19272,0,0,0,0,0,0,33,19529,136,38408,,,,
1415225997.49113,pg_catalog,pg_index,1463,140456,96244,139536,207,0,192,0,127,0,453,121787,184,111603,,,,
1415225997.49113,pg_catalog,pg_ts_dict,0,0,0,0,0,0,0,0,0,0,0,0,0,0,,,,
1415225997.49113,public,partsupp,3,24000000,0,0,8000000,0,0,0,8000000,0,340611,954509,0,0,,,,
1415225997.49113,pg_catalog,pg_class,3568,766856,251888,234098,497,160,472,152,313,0,1133,263912,383,478059,,,,
1415225997.49113,pg_toast,pg_toast_2396,0,0,0,0,0,0,0,0,0,0,0,0,0,0,,,,
1415225997.49113,pg_catalog,pg_enum,0,0,0,0,0,0,0,0,0,0,0,0,0,0,,,,
1415225997.49113,pg_catalog,pg_db_role_setting,0,0,30309,0,0,0,0,0,0,0,0,0,30,30279,0,0,0,0
1415225997.49113,pg_catalog,pg_seclabel,0,0,1220,0,0,0,0,0,0,0,0,0,116,1104,0,0,0,0
1415225997.49113,pg_toast,pg_toast_2609,0,0,0,0,0,0,0,0,0,0,0,0,0,0,,,,
1415225997.49113,public,region,2,10,0,0,5,0,0,0,5,0,1,3,0,0,,,,
1415225997.49113,pg_toast,pg_toast_1255,0,0,0,0,0,0,0,0,0,0,0,0,0,0,,,,
1415225997.49113,pg_catalog,pg_rewrite,0,0,2764,2284,160,0,160,0,112,17,1353,2124,585,4121,808,1009,284,1292
1415225997.49113,pg_catalog,pg_ts_config,0,0,0,0,0,0,0,0,0,0,0,0,0,0,,,,
1415225997.49113,pg_catalog,pg_extension,0,0,0,0,0,0,0,0,0,0,0,0,0,0,,,,
1415225997.49113,pg_catalog,pg_amop,0,0,85218,123995,0,0,0,0,0,0,148,123847,505,181497,,,,
1415225997.49113,pg_catalog,pg_cast,0,0,308101,76319,0,0,0,0,0,0,107,76212,64,317336,,,,
1415225997.49113,pg_toast,pg_toast_2619,0,0,38932,129995,1395,0,1295,0,122,12,10000,52026,124,45392,,,,
1415225997.49113,pg_toast,pg_toast_11610,0,0,0,0,0,0,0,0,0,0,0,0,0,0,,,,
1415225997.49113,public,lineitem,0,0,,,0,0,0,0,0,0,0,0,,,,,,
1415225997.49113,pg_toast,pg_toast_2604,0,0,0,0,0,0,0,0,0,0,0,0,0,0,,,,
1415226057.49349,pg_catalog,pg_auth_members,0,0,0,0,0,0,0,0,0,0,0,0,0,0,,,,
1415226057.49349,pg_catalog,pg_operator,0,0,73749,369559,0,0,0,0,0,0,815,260538,732,161104,,,,
1415226057.49349,pg_catalog,pg_aggregate,0,0,5055,5055,0,0,0,0,0,0,122,4933,325,8505,,,,
1415226057.49349,pg_catalog,pg_pltemplate,0,0,0,0,0,0,0,0,0,0,0,0,0,0,,,,
1415226057.49349,pg_toast,pg_toast_11615,0,0,0,0,0,0,0,0,0,0,0,0,0,0,,,,
1415226057.49349,pg_catalog,pg_description,0,0,1220,0,0,0,0,0,0,0,0,0,371,2349,0,0,0,0
1415226057.49349,pg_catalog,pg_language,0,0,0,0,0,0,0,0,0,0,0,0,0,0,,,,
1415226057.49349,pg_catalog,pg_ts_parser,0,0,0,0,0,0,0,0,0,0,0,0,0,0,,,,
1415226057.49349,pg_catalog,pg_shseclabel,0,0,0,0,0,0,0,0,0,0,0,0,0,0,,,,
1415226057.49349,pg_catalog,pg_foreign_table,0,0,0,0,0,0,0,0,0,0,0,0,0,0,,,,
1415226057.49349,pg_toast,pg_toast_11620,0,0,0,0,0,0,0,0,0,0,0,0,0,0,,,,
1415226057.49349,pg_catalog,pg_attrdef,0,0,0,0,0,0,0,0,0,0,0,0,0,0,0,0,0,0
1415226057.49349,pg_catalog,pg_ts_template,0,0,0,0,0,0,0,0,0,0,0,0,0,0,,,,
1415226057.49349,pg_catalog,pg_foreign_server,0,0,0,0,0,0,0,0,0,0,0,0,0,0,,,,
1415226057.49349,pg_catalog,pg_default_acl,0,0,1160,0,0,0,0,0,0,0,0,0,123,1037,,,,
1415226057.49349,pg_toast,pg_toast_11595,0,0,0,0,0,0,0,0,0,0,0,0,0,0,,,,
1415226057.49349,public,supplier,4,400000,0,0,100000,0,0,0,100000,0,2312,15648,0,0,,,,
1415226057.49349,information_schema,sql_packages,0,0,,,0,0,0,0,0,0,0,0,,,0,0,0,0
1415226057.49349,public,orders,4,60000000,0,0,15000000,0,0,0,15000000,0,504554,1558780,0,0,,,,
1415226057.49349,pg_catalog,pg_attribute,682,4526,197235,436767,1836,48,1672,34,2411,8,3659,213827,1098,411790,,,,
1415226057.49349,pg_catalog,pg_statistic,0,0,54051,51811,382,1156,344,856,511,141,3452,51816,404,116217,10000,52159,124,45504
1415226057.49349,public,time_statistics,0,0,,,1,0,0,0,1,0,1,0,,,,,,
1415226057.49349,pg_toast,pg_toast_2618,0,0,1046,3393,0,0,0,0,0,0,808,1016,284,1298,,,,
1415226057.49349,pg_toast,pg_toast_3596,0,0,0,0,0,0,0,0,0,0,0,0,0,0,,,,
1415226057.49349,information_schema,sql_features,0,0,,,0,0,0,0,0,0,0,0,,,0,0,0,0
1415226057.49349,public,part,6,12000000,0,0,2000000,0,0,0,2000000,0,79007,287193,0,0,,,,
1415226057.49349,pg_catalog,pg_depend,0,0,11787,12642,2189,0,2120,0,6273,858,1825,14438,3014,30460,,,,
1415226057.49349,pg_toast,pg_toast_11605,0,0,0,0,0,0,0,0,0,0,0,0,0,0,,,,
1415226057.49349,pg_catalog,pg_opclass,124,124,57658,619674,0,0,0,0,0,0,73,221405,286,71358,,,,
1415226057.49349,pg_catalog,pg_proc,0,0,87046,128829,0,0,0,0,0,0,5709,90804,2050,192338,0,0,0,0
1415226057.49349,public,nation,2,50,0,0,25,0,0,0,25,0,1,3,0,0,,,,
1415226057.49349,pg_catalog,pg_trigger,0,0,0,0,0,0,0,0,0,0,0,0,0,0,0,0,0,0
1415226057.49349,information_schema,sql_languages,0,0,,,0,0,0,0,0,0,0,0,,,0,0,0,0
1415226057.49349,pg_catalog,pg_am,10054,10054,0,0,0,0,0,0,0,0,30,10024,0,0,,,,
1415226057.49349,pg_catalog,pg_largeobject_metadata,0,0,0,0,0,0,0,0,0,0,0,0,0,0,,,,
1415226057.49349,pg_catalog,pg_ts_config_map,0,0,0,0,0,0,0,0,0,0,0,0,0,0,,,,
1415226057.49349,pg_catalog,pg_type,0,0,220427,218267,575,0,556,0,349,75,888,219753,1407,433249,,,,
1415226057.49349,information_schema,sql_sizing_profiles,0,0,,,0,0,0,0,0,0,0,0,,,0,0,0,0
1415226057.49349,pg_catalog,pg_shdepend,0,0,1526,305,0,0,0,0,0,0,135,170,531,1567,,,,
1415226057.49349,pg_catalog,pg_conversion,0,0,0,0,0,0,0,0,0,0,0,0,0,0,,,,
1415226057.49349,pg_catalog,pg_foreign_data_wrapper,0,0,0,0,0,0,0,0,0,0,0,0,0,0,,,,
1415226057.49349,pg_catalog,pg_opfamily,0,0,0,0,0,0,0,0,0,0,0,0,0,0,,,,
1415226057.49349,pg_catalog,pg_shdescription,0,0,0,0,0,0,0,0,0,0,0,0,0,0,0,0,0,0
1415226057.49349,pg_catalog,pg_tablespace,2,4,6990,6990,0,0,0,0,0,0,41,6951,82,13898,,,,
1415226057.49349,pg_catalog,pg_inherits,0,0,280,0,0,0,0,0,0,0,0,0,139,141,,,,
1415226057.49349,pg_toast,pg_toast_2606,0,0,0,0,0,0,0,0,0,0,0,0,0,0,,,,
1415226057.49349,pg_toast,pg_toast_2964,0,0,0,0,0,0,0,0,0,0,0,0,0,0,,,,
1415226057.49349,pg_catalog,pg_database,787,3037,34796,34794,1,0,0,0,1,0,9,35573,120,54884,,,,
1415226057.49349,pg_toast,pg_toast_2620,0,0,0,0,0,0,0,0,0,0,0,0,0,0,,,,
1415226057.49349,information_schema,sql_sizing,0,0,,,0,0,0,0,0,0,0,0,,,0,0,0,0
1415226057.49349,pg_catalog,pg_amproc,124,248,42387,63101,0,0,0,0,0,0,108,41414,90,94526,,,,
1415226057.49349,public,customer,6,9000000,0,0,1500000,0,0,0,1500000,0,68533,294857,0,0,,,,
1415226057.49349,pg_catalog,pg_collation,0,0,0,0,0,0,0,0,0,0,0,0,0,0,,,,
1415226057.49349,pg_catalog,pg_constraint,0,0,71,32,39,0,32,0,9,32,22,201,40,375,0,0,0,0
1415226057.49349,pg_catalog,pg_range,0,0,2244,0,0,0,0,0,0,0,0,0,317,4171,,,,
1415226057.49349,pg_toast,pg_toast_11600,0,0,0,0,0,0,0,0,0,0,0,0,0,0,,,,
1415226057.49349,pg_toast,pg_toast_11590,0,0,0,0,0,0,0,0,0,0,0,0,0,0,,,,
1415226057.49349,information_schema,sql_implementation_info,0,0,,,0,0,0,0,0,0,0,0,,,0,0,0,0
1415226057.49349,pg_catalog,pg_user_mapping,0,0,0,0,0,0,0,0,0,0,0,0,0,0,,,,
1415226057.49349,pg_catalog,pg_largeobject,0,0,0,0,0,0,0,0,0,0,0,0,0,0,,,,
1415226057.49349,pg_catalog,pg_namespace,646,9020,47673,38085,14,0,0,0,14,0,54,38713,716,57837,,,,
1415226057.49349,information_schema,sql_parts,0,0,,,0,0,0,0,0,0,0,0,,,0,0,0,0
1415226057.49349,pg_catalog,pg_authid,291,291,19286,19286,0,0,0,0,0,0,33,19544,136,38436,,,,
1415226057.49349,pg_catalog,pg_index,1467,140956,96349,139681,212,0,192,0,132,0,453,121943,184,111740,,,,
1415226057.49349,pg_catalog,pg_ts_dict,0,0,0,0,0,0,0,0,0,0,0,0,0,0,,,,
1415226057.49349,public,partsupp,3,24000000,0,0,8000000,0,0,0,8000000,0,340611,954509,0,0,,,,
1415226057.49349,pg_catalog,pg_class,3581,769760,252330,234523,502,160,472,152,318,0,1133,264479,383,478988,,,,
1415226057.49349,pg_toast,pg_toast_2396,0,0,0,0,0,0,0,0,0,0,0,0,0,0,,,,
1415226057.49349,pg_catalog,pg_enum,0,0,0,0,0,0,0,0,0,0,0,0,0,0,,,,
1415226057.49349,pg_catalog,pg_db_role_setting,0,0,30336,0,0,0,0,0,0,0,0,0,30,30306,0,0,0,0
1415226057.49349,pg_catalog,pg_seclabel,0,0,1220,0,0,0,0,0,0,0,0,0,116,1104,0,0,0,0
1415226057.49349,pg_toast,pg_toast_2609,0,0,0,0,0,0,0,0,0,0,0,0,0,0,,,,
1415226057.49349,public,region,2,10,0,0,5,0,0,0,5,0,1,3,0,0,,,,
1415226057.49349,pg_toast,pg_toast_1255,0,0,0,0,0,0,0,0,0,0,0,0,0,0,,,,
1415226057.49349,pg_catalog,pg_rewrite,0,0,2771,2291,160,0,160,0,112,17,1353,2131,585,4133,808,1016,284,1298
1415226057.49349,pg_catalog,pg_ts_config,0,0,0,0,0,0,0,0,0,0,0,0,0,0,,,,
1415226057.49349,pg_catalog,pg_extension,0,0,0,0,0,0,0,0,0,0,0,0,0,0,,,,
1415226057.49349,pg_catalog,pg_amop,0,0,85287,124074,0,0,0,0,0,0,148,123926,505,181647,,,,
1415226057.49349,pg_catalog,pg_cast,0,0,308444,76411,0,0,0,0,0,0,107,76304,64,317691,,,,
1415226057.49349,pg_toast,pg_toast_2619,0,0,38953,130001,1481,0,1295,0,208,12,10000,52159,124,45504,,,,
1415226057.49349,pg_toast,pg_toast_11610,0,0,0,0,0,0,0,0,0,0,0,0,0,0,,,,
1415226057.49349,public,lineitem,0,0,,,0,0,0,0,0,0,0,0,,,,,,
1415226057.49349,pg_toast,pg_toast_2604,0,0,0,0,0,0,0,0,0,0,0,0,0,0,,,,
1415226117.4989,pg_catalog,pg_auth_members,0,0,0,0,0,0,0,0,0,0,0,0,0,0,,,,
1415226117.4989,pg_catalog,pg_operator,0,0,73772,369582,0,0,0,0,0,0,815,260561,732,161161,,,,
1415226117.4989,pg_catalog,pg_aggregate,0,0,5056,5056,0,0,0,0,0,0,122,4934,325,8507,,,,
1415226117.4989,pg_catalog,pg_pltemplate,0,0,0,0,0,0,0,0,0,0,0,0,0,0,,,,
1415226117.4989,pg_toast,pg_toast_11615,0,0,0,0,0,0,0,0,0,0,0,0,0,0,,,,
1415226117.4989,pg_catalog,pg_description,0,0,1220,0,0,0,0,0,0,0,0,0,371,2349,0,0,0,0
1415226117.4989,pg_catalog,pg_language,0,0,0,0,0,0,0,0,0,0,0,0,0,0,,,,
1415226117.4989,pg_catalog,pg_ts_parser,0,0,0,0,0,0,0,0,0,0,0,0,0,0,,,,
1415226117.4989,pg_catalog,pg_shseclabel,0,0,0,0,0,0,0,0,0,0,0,0,0,0,,,,
1415226117.4989,pg_catalog,pg_foreign_table,0,0,0,0,0,0,0,0,0,0,0,0,0,0,,,,
1415226117.4989,pg_toast,pg_toast_11620,0,0,0,0,0,0,0,0,0,0,0,0,0,0,,,,
1415226117.4989,pg_catalog,pg_attrdef,0,0,0,0,0,0,0,0,0,0,0,0,0,0,0,0,0,0
1415226117.4989,pg_catalog,pg_ts_template,0,0,0,0,0,0,0,0,0,0,0,0,0,0,,,,
1415226117.4989,pg_catalog,pg_foreign_server,0,0,0,0,0,0,0,0,0,0,0,0,0,0,,,,
1415226117.4989,pg_catalog,pg_default_acl,0,0,1160,0,0,0,0,0,0,0,0,0,123,1037,,,,
1415226117.4989,pg_toast,pg_toast_11595,0,0,0,0,0,0,0,0,0,0,0,0,0,0,,,,
1415226117.4989,public,supplier,4,400000,0,0,100000,0,0,0,100000,0,2312,15648,0,0,,,,
1415226117.4989,information_schema,sql_packages,0,0,,,0,0,0,0,0,0,0,0,,,0,0,0,0
1415226117.4989,public,orders,4,60000000,0,0,15000000,0,0,0,15000000,0,504554,1558780,0,0,,,,
1415226117.4989,pg_catalog,pg_attribute,682,4526,197454,437140,1836,48,1672,34,2411,8,3659,214047,1098,412234,,,,
1415226117.4989,pg_catalog,pg_statistic,0,0,54087,51832,391,1156,344,856,520,141,3452,51851,404,116314,10000,52199,124,45542
1415226117.4989,public,time_statistics,0,0,,,1,0,0,0,1,0,1,0,,,,,,
1415226117.4989,pg_toast,pg_toast_2618,0,0,1050,3406,0,0,0,0,0,0,808,1023,284,1304,,,,
1415226117.4989,pg_toast,pg_toast_3596,0,0,0,0,0,0,0,0,0,0,0,0,0,0,,,,
1415226117.4989,information_schema,sql_features,0,0,,,0,0,0,0,0,0,0,0,,,0,0,0,0
1415226117.4989,public,part,6,12000000,0,0,2000000,0,0,0,2000000,0,79007,327715,0,0,,,,
1415226117.4989,pg_catalog,pg_depend,0,0,11787,12642,2189,0,2120,0,6273,858,1825,14438,3014,30460,,,,
1415226117.4989,pg_toast,pg_toast_11605,0,0,0,0,0,0,0,0,0,0,0,0,0,0,,,,
1415226117.4989,pg_catalog,pg_opclass,124,124,57691,620099,0,0,0,0,0,0,73,221532,286,71402,,,,
1415226117.4989,pg_catalog,pg_proc,0,0,87128,128953,0,0,0,0,0,0,5709,90904,2050,192520,0,0,0,0
1415226117.4989,public,nation,2,50,0,0,25,0,0,0,25,0,1,3,0,0,,,,
1415226117.4989,pg_catalog,pg_trigger,0,0,0,0,0,0,0,0,0,0,0,0,0,0,0,0,0,0
1415226117.4989,information_schema,sql_languages,0,0,,,0,0,0,0,0,0,0,0,,,0,0,0,0
1415226117.4989,pg_catalog,pg_am,10060,10060,0,0,0,0,0,0,0,0,30,10030,0,0,,,,
1415226117.4989,pg_catalog,pg_largeobject_metadata,0,0,0,0,0,0,0,0,0,0,0,0,0,0,,,,
1415226117.4989,pg_catalog,pg_ts_config_map,0,0,0,0,0,0,0,0,0,0,0,0,0,0,,,,
1415226117.4989,pg_catalog,pg_type,0,0,220542,218382,575,0,556,0,349,75,888,219868,1407,433486,,,,
1415226117.4989,information_schema,sql_sizing_profiles,0,0,,,0,0,0,0,0,0,0,0,,,0,0,0,0
1415226117.4989,pg_catalog,pg_shdepend,0,0,1526,305,0,0,0,0,0,0,135,170,531,1567,,,,
1415226117.4989,pg_catalog,pg_conversion,0,0,0,0,0,0,0,0,0,0,0,0,0,0,,,,
1415226117.4989,pg_catalog,pg_foreign_data_wrapper,0,0,0,0,0,0,0,0,0,0,0,0,0,0,,,,
1415226117.4989,pg_catalog,pg_opfamily,0,0,0,0,0,0,0,0,0,0,0,0,0,0,,,,
1415226117.4989,pg_catalog,pg_shdescription,0,0,0,0,0,0,0,0,0,0,0,0,0,0,0,0,0,0
1415226117.4989,pg_catalog,pg_tablespace,2,4,6996,6996,0,0,0,0,0,0,41,6957,82,13910,,,,
1415226117.4989,pg_catalog,pg_inherits,0,0,280,0,0,0,0,0,0,0,0,0,139,141,,,,
1415226117.4989,pg_toast,pg_toast_2606,0,0,0,0,0,0,0,0,0,0,0,0,0,0,,,,
1415226117.4989,pg_toast,pg_toast_2964,0,0,0,0,0,0,0,0,0,0,0,0,0,0,,,,
1415226117.4989,pg_catalog,pg_database,790,3049,34825,34823,1,0,0,0,1,0,9,35605,120,54927,,,,
1415226117.4989,pg_toast,pg_toast_2620,0,0,0,0,0,0,0,0,0,0,0,0,0,0,,,,
1415226117.4989,information_schema,sql_sizing,0,0,,,0,0,0,0,0,0,0,0,,,0,0,0,0
1415226117.4989,pg_catalog,pg_amproc,124,248,42416,63139,0,0,0,0,0,0,108,41441,90,94590,,,,
1415226117.4989,public,customer,6,9000000,0,0,1500000,0,0,0,1500000,0,68533,294857,0,0,,,,
1415226117.4989,pg_catalog,pg_collation,0,0,0,0,0,0,0,0,0,0,0,0,0,0,,,,
1415226117.4989,pg_catalog,pg_constraint,0,0,71,32,39,0,32,0,9,32,22,201,40,375,0,0,0,0
1415226117.4989,pg_catalog,pg_range,0,0,2244,0,0,0,0,0,0,0,0,0,317,4171,,,,
1415226117.4989,pg_toast,pg_toast_11600,0,0,0,0,0,0,0,0,0,0,0,0,0,0,,,,
1415226117.4989,pg_toast,pg_toast_11590,0,0,0,0,0,0,0,0,0,0,0,0,0,0,,,,
1415226117.4989,information_schema,sql_implementation_info,0,0,,,0,0,0,0,0,0,0,0,,,0,0,0,0
1415226117.4989,pg_catalog,pg_user_mapping,0,0,0,0,0,0,0,0,0,0,0,0,0,0,,,,
1415226117.4989,pg_catalog,pg_largeobject,0,0,0,0,0,0,0,0,0,0,0,0,0,0,,,,
1415226117.4989,pg_catalog,pg_namespace,648,9060,47824,38229,14,0,0,0,14,0,54,38859,716,57997,,,,
1415226117.4989,information_schema,sql_parts,0,0,,,0,0,0,0,0,0,0,0,,,0,0,0,0
1415226117.4989,pg_catalog,pg_authid,292,292,19296,19296,0,0,0,0,0,0,33,19555,136,38456,,,,
1415226117.4989,pg_catalog,pg_index,1471,141476,96395,139742,212,0,192,0,132,0,453,122016,184,111799,,,,
1415226117.4989,pg_catalog,pg_ts_dict,0,0,0,0,0,0,0,0,0,0,0,0,0,0,,,,
1415226117.4989,public,partsupp,3,24000000,0,0,8000000,0,0,0,8000000,0,340611,954509,0,0,,,,
1415226117.4989,pg_catalog,pg_class,3593,773023,252675,234867,502,160,472,152,318,0,1133,264932,383,479692,,,,
1415226117.4989,pg_toast,pg_toast_2396,0,0,0,0,0,0,0,0,0,0,0,0,0,0,,,,
1415226117.4989,pg_catalog,pg_enum,0,0,0,0,0,0,0,0,0,0,0,0,0,0,,,,
1415226117.4989,pg_catalog,pg_db_role_setting,0,0,30357,0,0,0,0,0,0,0,0,0,30,30327,0,0,0,0
1415226117.4989,pg_catalog,pg_seclabel,0,0,1220,0,0,0,0,0,0,0,0,0,116,1104,0,0,0,0
1415226117.4989,pg_toast,pg_toast_2609,0,0,0,0,0,0,0,0,0,0,0,0,0,0,,,,
1415226117.4989,public,region,2,10,0,0,5,0,0,0,5,0,1,3,0,0,,,,
1415226117.4989,pg_toast,pg_toast_1255,0,0,0,0,0,0,0,0,0,0,0,0,0,0,,,,
1415226117.4989,pg_catalog,pg_rewrite,0,0,2779,2299,160,0,160,0,112,17,1353,2139,585,4147,808,1023,284,1304
1415226117.4989,pg_catalog,pg_ts_config,0,0,0,0,0,0,0,0,0,0,0,0,0,0,,,,
1415226117.4989,pg_catalog,pg_extension,0,0,0,0,0,0,0,0,0,0,0,0,0,0,,,,
1415226117.4989,pg_catalog,pg_amop,0,0,85346,124144,0,0,0,0,0,0,148,123996,505,181777,,,,
1415226117.4989,pg_catalog,pg_cast,0,0,308602,76456,0,0,0,0,0,0,107,76349,64,317856,,,,
1415226117.4989,pg_toast,pg_toast_2619,0,0,38963,130009,1504,0,1295,0,231,12,10000,52199,124,45542,,,,
1415226117.4989,pg_toast,pg_toast_11610,0,0,0,0,0,0,0,0,0,0,0,0,0,0,,,,
1415226117.4989,public,lineitem,0,0,,,0,0,0,0,0,0,0,0,,,,,,
1415226117.4989,pg_toast,pg_toast_2604,0,0,0,0,0,0,0,0,0,0,0,0,0,0,,,,
1415226177.50368,pg_catalog,pg_auth_members,0,0,0,0,0,0,0,0,0,0,0,0,0,0,,,,
1415226177.50368,pg_catalog,pg_operator,0,0,73787,369597,0,0,0,0,0,0,815,260576,732,161197,,,,
1415226177.50368,pg_catalog,pg_aggregate,0,0,5057,5057,0,0,0,0,0,0,122,4935,325,8509,,,,
1415226177.50368,pg_catalog,pg_pltemplate,0,0,0,0,0,0,0,0,0,0,0,0,0,0,,,,
1415226177.50368,pg_toast,pg_toast_11615,0,0,0,0,0,0,0,0,0,0,0,0,0,0,,,,
1415226177.50368,pg_catalog,pg_description,0,0,1220,0,0,0,0,0,0,0,0,0,371,2349,0,0,0,0
1415226177.50368,pg_catalog,pg_language,0,0,0,0,0,0,0,0,0,0,0,0,0,0,,,,
1415226177.50368,pg_catalog,pg_ts_parser,0,0,0,0,0,0,0,0,0,0,0,0,0,0,,,,
1415226177.50368,pg_catalog,pg_shseclabel,0,0,0,0,0,0,0,0,0,0,0,0,0,0,,,,
1415226177.50368,pg_catalog,pg_foreign_table,0,0,0,0,0,0,0,0,0,0,0,0,0,0,,,,
1415226177.50368,pg_toast,pg_toast_11620,0,0,0,0,0,0,0,0,0,0,0,0,0,0,,,,
1415226177.50368,pg_catalog,pg_attrdef,0,0,0,0,0,0,0,0,0,0,0,0,0,0,0,0,0,0
1415226177.50368,pg_catalog,pg_ts_template,0,0,0,0,0,0,0,0,0,0,0,0,0,0,,,,
1415226177.50368,pg_catalog,pg_foreign_server,0,0,0,0,0,0,0,0,0,0,0,0,0,0,,,,
1415226177.50368,pg_catalog,pg_default_acl,0,0,1160,0,0,0,0,0,0,0,0,0,123,1037,,,,
1415226177.50368,pg_toast,pg_toast_11595,0,0,0,0,0,0,0,0,0,0,0,0,0,0,,,,
1415226177.50368,public,supplier,4,400000,0,0,100000,0,0,0,100000,0,2312,15648,0,0,,,,
1415226177.50368,information_schema,sql_packages,0,0,,,0,0,0,0,0,0,0,0,,,0,0,0,0
1415226177.50368,public,orders,4,60000000,0,0,15000000,0,0,0,15000000,0,504554,1558780,0,0,,,,
1415226177.50368,pg_catalog,pg_attribute,682,4526,197633,437422,1836,48,1672,34,2411,8,3659,214227,1098,412597,,,,
1415226177.50368,pg_catalog,pg_statistic,0,0,54110,51849,391,1156,344,856,520,141,3452,51868,404,116364,10000,52201,124,45546
1415226177.50368,public,time_statistics,0,0,,,1,0,0,0,1,0,1,0,,,,,,
1415226177.50368,pg_toast,pg_toast_2618,0,0,1054,3419,0,0,0,0,0,0,808,1030,284,1310,,,,
1415226177.50368,pg_toast,pg_toast_3596,0,0,0,0,0,0,0,0,0,0,0,0,0,0,,,,
1415226177.50368,information_schema,sql_features,0,0,,,0,0,0,0,0,0,0,0,,,0,0,0,0
1415226177.50368,public,part,6,12000000,0,0,2000000,0,0,0,2000000,0,79007,327715,0,0,,,,
1415226177.50368,pg_catalog,pg_depend,0,0,11787,12642,2189,0,2120,0,6273,858,1825,14438,3014,30460,,,,
1415226177.50368,pg_toast,pg_toast_11605,0,0,0,0,0,0,0,0,0,0,0,0,0,0,,,,
1415226177.50368,pg_catalog,pg_opclass,124,124,57702,620190,0,0,0,0,0,0,73,221559,286,71420,,,,
1415226177.50368,pg_catalog,pg_proc,0,0,87198,129051,0,0,0,0,0,0,5709,90986,2050,192672,0,0,0,0
1415226177.50368,public,nation,2,50,0,0,25,0,0,0,25,0,1,3,0,0,,,,
1415226177.50368,pg_catalog,pg_trigger,0,0,0,0,0,0,0,0,0,0,0,0,0,0,0,0,0,0
1415226177.50368,information_schema,sql_languages,0,0,,,0,0,0,0,0,0,0,0,,,0,0,0,0
1415226177.50368,pg_catalog,pg_am,10065,10065,0,0,0,0,0,0,0,0,30,10035,0,0,,,,
1415226177.50368,pg_catalog,pg_largeobject_metadata,0,0,0,0,0,0,0,0,0,0,0,0,0,0,,,,
1415226177.50368,pg_catalog,pg_ts_config_map,0,0,0,0,0,0,0,0,0,0,0,0,0,0,,,,
1415226177.50368,pg_catalog,pg_type,0,0,220612,218452,575,0,556,0,349,75,888,219938,1407,433630,,,,
1415226177.50368,information_schema,sql_sizing_profiles,0,0,,,0,0,0,0,0,0,0,0,,,0,0,0,0
1415226177.50368,pg_catalog,pg_shdepend,0,0,1526,305,0,0,0,0,0,0,135,170,531,1567,,,,
1415226177.50368,pg_catalog,pg_conversion,0,0,0,0,0,0,0,0,0,0,0,0,0,0,,,,
1415226177.50368,pg_catalog,pg_foreign_data_wrapper,0,0,0,0,0,0,0,0,0,0,0,0,0,0,,,,
1415226177.50368,pg_catalog,pg_opfamily,0,0,0,0,0,0,0,0,0,0,0,0,0,0,,,,
1415226177.50368,pg_catalog,pg_shdescription,0,0,0,0,0,0,0,0,0,0,0,0,0,0,0,0,0,0
1415226177.50368,pg_catalog,pg_tablespace,2,4,7000,7000,0,0,0,0,0,0,41,6961,82,13918,,,,
1415226177.50368,pg_catalog,pg_inherits,0,0,280,0,0,0,0,0,0,0,0,0,139,141,,,,
1415226177.50368,pg_toast,pg_toast_2606,0,0,0,0,0,0,0,0,0,0,0,0,0,0,,,,
1415226177.50368,pg_toast,pg_toast_2964,0,0,0,0,0,0,0,0,0,0,0,0,0,0,,,,
1415226177.50368,pg_catalog,pg_database,793,3061,34850,34848,1,0,0,0,1,0,9,35633,120,54964,,,,
1415226177.50368,pg_toast,pg_toast_2620,0,0,0,0,0,0,0,0,0,0,0,0,0,0,,,,
1415226177.50368,information_schema,sql_sizing,0,0,,,0,0,0,0,0,0,0,0,,,0,0,0,0
1415226177.50368,pg_catalog,pg_amproc,124,248,42427,63157,0,0,0,0,0,0,108,41452,90,94617,,,,
1415226177.50368,public,customer,6,9000000,0,0,1500000,0,0,0,1500000,0,68533,294857,0,0,,,,
1415226177.50368,pg_catalog,pg_collation,0,0,0,0,0,0,0,0,0,0,0,0,0,0,,,,
1415226177.50368,pg_catalog,pg_constraint,0,0,71,32,39,0,32,0,9,32,22,201,40,375,0,0,0,0
1415226177.50368,pg_catalog,pg_range,0,0,2244,0,0,0,0,0,0,0,0,0,317,4171,,,,
1415226177.50368,pg_toast,pg_toast_11600,0,0,0,0,0,0,0,0,0,0,0,0,0,0,,,,
1415226177.50368,pg_toast,pg_toast_11590,0,0,0,0,0,0,0,0,0,0,0,0,0,0,,,,
1415226177.50368,information_schema,sql_implementation_info,0,0,,,0,0,0,0,0,0,0,0,,,0,0,0,0
1415226177.50368,pg_catalog,pg_user_mapping,0,0,0,0,0,0,0,0,0,0,0,0,0,0,,,,
1415226177.50368,pg_catalog,pg_largeobject,0,0,0,0,0,0,0,0,0,0,0,0,0,0,,,,
1415226177.50368,pg_catalog,pg_namespace,650,9100,47966,38367,14,0,0,0,14,0,54,38999,716,58144,,,,
1415226177.50368,information_schema,sql_parts,0,0,,,0,0,0,0,0,0,0,0,,,0,0,0,0
1415226177.50368,pg_catalog,pg_authid,293,293,19304,19304,0,0,0,0,0,0,33,19564,136,38472,,,,
1415226177.50368,pg_catalog,pg_index,1475,141996,96425,139781,212,0,192,0,132,0,453,122070,184,111838,,,,
1415226177.50368,pg_catalog,pg_ts_dict,0,0,0,0,0,0,0,0,0,0,0,0,0,0,,,,
1415226177.50368,public,partsupp,3,24000000,0,0,8000000,0,0,0,8000000,0,340611,954509,0,0,,,,
1415226177.50368,pg_catalog,pg_class,3603,775650,252984,235176,502,160,472,152,318,0,1133,265332,383,480320,,,,
1415226177.50368,pg_toast,pg_toast_2396,0,0,0,0,0,0,0,0,0,0,0,0,0,0,,,,
1415226177.50368,pg_catalog,pg_enum,0,0,0,0,0,0,0,0,0,0,0,0,0,0,,,,
1415226177.50368,pg_catalog,pg_db_role_setting,0,0,30375,0,0,0,0,0,0,0,0,0,30,30345,0,0,0,0
1415226177.50368,pg_catalog,pg_seclabel,0,0,1220,0,0,0,0,0,0,0,0,0,116,1104,0,0,0,0
1415226177.50368,pg_toast,pg_toast_2609,0,0,0,0,0,0,0,0,0,0,0,0,0,0,,,,
1415226177.50368,public,region,2,10,0,0,5,0,0,0,5,0,1,3,0,0,,,,
1415226177.50368,pg_toast,pg_toast_1255,0,0,0,0,0,0,0,0,0,0,0,0,0,0,,,,
1415226177.50368,pg_catalog,pg_rewrite,0,0,2785,2305,160,0,160,0,112,17,1353,2145,585,4157,808,1030,284,1310
1415226177.50368,pg_catalog,pg_ts_config,0,0,0,0,0,0,0,0,0,0,0,0,0,0,,,,
1415226177.50368,pg_catalog,pg_extension,0,0,0,0,0,0,0,0,0,0,0,0,0,0,,,,
1415226177.50368,pg_catalog,pg_amop,0,0,85369,124173,0,0,0,0,0,0,148,124025,505,181829,,,,
1415226177.50368,pg_catalog,pg_cast,0,0,308642,76478,0,0,0,0,0,0,107,76371,64,317900,,,,
1415226177.50368,pg_toast,pg_toast_2619,0,0,38965,130013,1504,0,1295,0,231,12,10000,52201,124,45546,,,,
1415226177.50368,pg_toast,pg_toast_11610,0,0,0,0,0,0,0,0,0,0,0,0,0,0,,,,
1415226177.50368,public,lineitem,0,0,,,0,0,0,0,0,0,0,0,,,,,,
1415226177.50368,pg_toast,pg_toast_2604,0,0,0,0,0,0,0,0,0,0,0,0,0,0,,,,
1415226237.5056,pg_catalog,pg_auth_members,0,0,0,0,0,0,0,0,0,0,0,0,0,0,,,,
1415226237.5056,pg_catalog,pg_operator,0,0,73804,369614,0,0,0,0,0,0,815,260593,732,161239,,,,
1415226237.5056,pg_catalog,pg_aggregate,0,0,5058,5058,0,0,0,0,0,0,122,4936,325,8511,,,,
1415226237.5056,pg_catalog,pg_pltemplate,0,0,0,0,0,0,0,0,0,0,0,0,0,0,,,,
1415226237.5056,pg_toast,pg_toast_11615,0,0,0,0,0,0,0,0,0,0,0,0,0,0,,,,
1415226237.5056,pg_catalog,pg_description,0,0,1220,0,0,0,0,0,0,0,0,0,371,2349,0,0,0,0
1415226237.5056,pg_catalog,pg_language,0,0,0,0,0,0,0,0,0,0,0,0,0,0,,,,
1415226237.5056,pg_catalog,pg_ts_parser,0,0,0,0,0,0,0,0,0,0,0,0,0,0,,,,
1415226237.5056,pg_catalog,pg_shseclabel,0,0,0,0,0,0,0,0,0,0,0,0,0,0,,,,
1415226237.5056,pg_catalog,pg_foreign_table,0,0,0,0,0,0,0,0,0,0,0,0,0,0,,,,
1415226237.5056,pg_toast,pg_toast_11620,0,0,0,0,0,0,0,0,0,0,0,0,0,0,,,,
1415226237.5056,pg_catalog,pg_attrdef,0,0,0,0,0,0,0,0,0,0,0,0,0,0,0,0,0,0
1415226237.5056,pg_catalog,pg_ts_template,0,0,0,0,0,0,0,0,0,0,0,0,0,0,,,,
1415226237.5056,pg_catalog,pg_foreign_server,0,0,0,0,0,0,0,0,0,0,0,0,0,0,,,,
1415226237.5056,pg_catalog,pg_default_acl,0,0,1160,0,0,0,0,0,0,0,0,0,123,1037,,,,
1415226237.5056,pg_toast,pg_toast_11595,0,0,0,0,0,0,0,0,0,0,0,0,0,0,,,,
1415226237.5056,public,supplier,4,400000,0,0,100000,0,0,0,100000,0,2312,15648,0,0,,,,
1415226237.5056,information_schema,sql_packages,0,0,,,0,0,0,0,0,0,0,0,,,0,0,0,0
1415226237.5056,public,orders,4,60000000,0,0,15000000,0,0,0,15000000,0,504554,1558780,0,0,,,,
1415226237.5056,pg_catalog,pg_attribute,682,4526,197826,437741,1836,48,1672,34,2411,8,3659,214421,1098,412990,,,,
1415226237.5056,pg_catalog,pg_statistic,0,0,54135,51868,391,1156,344,856,520,141,3452,51887,404,116419,10000,52204,124,45552
1415226237.5056,public,time_statistics,0,0,,,1,0,0,0,1,0,1,0,,,,,,
1415226237.5056,pg_toast,pg_toast_2618,0,0,1058,3432,0,0,0,0,0,0,808,1037,284,1316,,,,
1415226237.5056,pg_toast,pg_toast_3596,0,0,0,0,0,0,0,0,0,0,0,0,0,0,,,,
1415226237.5056,information_schema,sql_features,0,0,,,0,0,0,0,0,0,0,0,,,0,0,0,0
1415226237.5056,public,part,6,12000000,0,0,2000000,0,0,0,2000000,0,79007,327715,0,0,,,,
1415226237.5056,pg_catalog,pg_depend,0,0,11787,12642,2189,0,2120,0,6273,858,1825,14438,3014,30460,,,,
1415226237.5056,pg_toast,pg_toast_11605,0,0,0,0,0,0,0,0,0,0,0,0,0,0,,,,
1415226237.5056,pg_catalog,pg_opclass,124,124,57720,620364,0,0,0,0,0,0,73,221616,286,71448,,,,
1415226237.5056,pg_catalog,pg_proc,0,0,87274,129162,0,0,0,0,0,0,5709,91077,2050,192839,0,0,0,0
1415226237.5056,public,nation,2,50,0,0,25,0,0,0,25,0,1,3,0,0,,,,
1415226237.5056,pg_catalog,pg_trigger,0,0,0,0,0,0,0,0,0,0,0,0,0,0,0,0,0,0
1415226237.5056,information_schema,sql_languages,0,0,,,0,0,0,0,0,0,0,0,,,0,0,0,0
1415226237.5056,pg_catalog,pg_am,10072,10072,0,0,0,0,0,0,0,0,30,10042,0,0,,,,
1415226237.5056,pg_catalog,pg_largeobject_metadata,0,0,0,0,0,0,0,0,0,0,0,0,0,0,,,,
1415226237.5056,pg_catalog,pg_ts_config_map,0,0,0,0,0,0,0,0,0,0,0,0,0,0,,,,
1415226237.5056,pg_catalog,pg_type,0,0,220702,218542,575,0,556,0,349,75,888,220028,1407,433815,,,,
1415226237.5056,information_schema,sql_sizing_profiles,0,0,,,0,0,0,0,0,0,0,0,,,0,0,0,0
1415226237.5056,pg_catalog,pg_shdepend,0,0,1526,305,0,0,0,0,0,0,135,170,531,1567,,,,
1415226237.5056,pg_catalog,pg_conversion,0,0,0,0,0,0,0,0,0,0,0,0,0,0,,,,
1415226237.5056,pg_catalog,pg_foreign_data_wrapper,0,0,0,0,0,0,0,0,0,0,0,0,0,0,,,,
1415226237.5056,pg_catalog,pg_opfamily,0,0,0,0,0,0,0,0,0,0,0,0,0,0,,,,
1415226237.5056,pg_catalog,pg_shdescription,0,0,0,0,0,0,0,0,0,0,0,0,0,0,0,0,0,0
1415226237.5056,pg_catalog,pg_tablespace,2,4,7005,7005,0,0,0,0,0,0,41,6966,82,13928,,,,
1415226237.5056,pg_catalog,pg_inherits,0,0,280,0,0,0,0,0,0,0,0,0,139,141,,,,
1415226237.5056,pg_toast,pg_toast_2606,0,0,0,0,0,0,0,0,0,0,0,0,0,0,,,,
1415226237.5056,pg_toast,pg_toast_2964,0,0,0,0,0,0,0,0,0,0,0,0,0,0,,,,
1415226237.5056,pg_catalog,pg_database,796,3073,34881,34879,1,0,0,0,1,0,9,35667,120,55011,,,,
1415226237.5056,pg_toast,pg_toast_2620,0,0,0,0,0,0,0,0,0,0,0,0,0,0,,,,
1415226237.5056,information_schema,sql_sizing,0,0,,,0,0,0,0,0,0,0,0,,,0,0,0,0
1415226237.5056,pg_catalog,pg_amproc,124,248,42444,63184,0,0,0,0,0,0,108,41469,90,94658,,,,
1415226237.5056,public,customer,6,9000000,0,0,1500000,0,0,0,1500000,0,68533,294857,0,0,,,,
1415226237.5056,pg_catalog,pg_collation,0,0,0,0,0,0,0,0,0,0,0,0,0,0,,,,
1415226237.5056,pg_catalog,pg_constraint,0,0,71,32,39,0,32,0,9,32,22,201,40,375,0,0,0,0
1415226237.5056,pg_catalog,pg_range,0,0,2244,0,0,0,0,0,0,0,0,0,317,4171,,,,
1415226237.5056,pg_toast,pg_toast_11600,0,0,0,0,0,0,0,0,0,0,0,0,0,0,,,,
1415226237.5056,pg_toast,pg_toast_11590,0,0,0,0,0,0,0,0,0,0,0,0,0,0,,,,
1415226237.5056,information_schema,sql_implementation_info,0,0,,,0,0,0,0,0,0,0,0,,,0,0,0,0
1415226237.5056,pg_catalog,pg_user_mapping,0,0,0,0,0,0,0,0,0,0,0,0,0,0,,,,
1415226237.5056,pg_catalog,pg_largeobject,0,0,0,0,0,0,0,0,0,0,0,0,0,0,,,,
1415226237.5056,pg_catalog,pg_namespace,652,9140,48111,38507,14,0,0,0,14,0,54,39141,716,58295,,,,
1415226237.5056,information_schema,sql_parts,0,0,,,0,0,0,0,0,0,0,0,,,0,0,0,0
1415226237.5056,pg_catalog,pg_authid,294,294,19316,19316,0,0,0,0,0,0,33,19577,136,38496,,,,
1415226237.5056,pg_catalog,pg_index,1479,142516,96460,139826,212,0,192,0,132,0,453,122129,184,111885,,,,
1415226237.5056,pg_catalog,pg_ts_dict,0,0,0,0,0,0,0,0,0,0,0,0,0,0,,,,
1415226237.5056,public,partsupp,3,24000000,0,0,8000000,0,0,0,8000000,0,340611,954509,0,0,,,,
1415226237.5056,pg_catalog,pg_class,3614,778595,253305,235497,502,160,472,152,318,0,1133,265753,383,480975,,,,
1415226237.5056,pg_toast,pg_toast_2396,0,0,0,0,0,0,0,0,0,0,0,0,0,0,,,,
1415226237.5056,pg_catalog,pg_enum,0,0,0,0,0,0,0,0,0,0,0,0,0,0,,,,
1415226237.5056,pg_catalog,pg_db_role_setting,0,0,30399,0,0,0,0,0,0,0,0,0,30,30369,0,0,0,0
1415226237.5056,pg_catalog,pg_seclabel,0,0,1220,0,0,0,0,0,0,0,0,0,116,1104,0,0,0,0
1415226237.5056,pg_toast,pg_toast_2609,0,0,0,0,0,0,0,0,0,0,0,0,0,0,,,,
1415226237.5056,public,region,2,10,0,0,5,0,0,0,5,0,1,3,0,0,,,,
1415226237.5056,pg_toast,pg_toast_1255,0,0,0,0,0,0,0,0,0,0,0,0,0,0,,,,
1415226237.5056,pg_catalog,pg_rewrite,0,0,2792,2312,160,0,160,0,112,17,1353,2152,585,4169,808,1037,284,1316
1415226237.5056,pg_catalog,pg_ts_config,0,0,0,0,0,0,0,0,0,0,0,0,0,0,,,,
1415226237.5056,pg_catalog,pg_extension,0,0,0,0,0,0,0,0,0,0,0,0,0,0,,,,
1415226237.5056,pg_catalog,pg_amop,0,0,85402,124214,0,0,0,0,0,0,148,124066,505,181903,,,,
1415226237.5056,pg_catalog,pg_cast,0,0,308710,76506,0,0,0,0,0,0,107,76399,64,317973,,,,
1415226237.5056,pg_toast,pg_toast_2619,0,0,38968,130019,1504,0,1295,0,231,12,10000,52204,124,45552,,,,
1415226237.5056,pg_toast,pg_toast_11610,0,0,0,0,0,0,0,0,0,0,0,0,0,0,,,,
1415226237.5056,public,lineitem,0,0,,,0,0,0,0,0,0,0,0,,,,,,
1415226237.5056,pg_toast,pg_toast_2604,0,0,0,0,0,0,0,0,0,0,0,0,0,0,,,,
1415226297.50877,pg_catalog,pg_auth_members,0,0,0,0,0,0,0,0,0,0,0,0,0,0,,,,
1415226297.50877,pg_catalog,pg_operator,0,0,73823,369633,0,0,0,0,0,0,815,260612,732,161287,,,,
1415226297.50877,pg_catalog,pg_aggregate,0,0,5059,5059,0,0,0,0,0,0,122,4937,325,8513,,,,
1415226297.50877,pg_catalog,pg_pltemplate,0,0,0,0,0,0,0,0,0,0,0,0,0,0,,,,
1415226297.50877,pg_toast,pg_toast_11615,0,0,0,0,0,0,0,0,0,0,0,0,0,0,,,,
1415226297.50877,pg_catalog,pg_description,0,0,1220,0,0,0,0,0,0,0,0,0,371,2349,0,0,0,0
1415226297.50877,pg_catalog,pg_language,0,0,0,0,0,0,0,0,0,0,0,0,0,0,,,,
1415226297.50877,pg_catalog,pg_ts_parser,0,0,0,0,0,0,0,0,0,0,0,0,0,0,,,,
1415226297.50877,pg_catalog,pg_shseclabel,0,0,0,0,0,0,0,0,0,0,0,0,0,0,,,,
1415226297.50877,pg_catalog,pg_foreign_table,0,0,0,0,0,0,0,0,0,0,0,0,0,0,,,,
1415226297.50877,pg_toast,pg_toast_11620,0,0,0,0,0,0,0,0,0,0,0,0,0,0,,,,
1415226297.50877,pg_catalog,pg_attrdef,0,0,0,0,0,0,0,0,0,0,0,0,0,0,0,0,0,0
1415226297.50877,pg_catalog,pg_ts_template,0,0,0,0,0,0,0,0,0,0,0,0,0,0,,,,
1415226297.50877,pg_catalog,pg_foreign_server,0,0,0,0,0,0,0,0,0,0,0,0,0,0,,,,
1415226297.50877,pg_catalog,pg_default_acl,0,0,1160,0,0,0,0,0,0,0,0,0,123,1037,,,,
1415226297.50877,pg_toast,pg_toast_11595,0,0,0,0,0,0,0,0,0,0,0,0,0,0,,,,
1415226297.50877,public,supplier,4,400000,0,0,100000,0,0,0,100000,0,2312,15648,0,0,,,,
1415226297.50877,information_schema,sql_packages,0,0,,,0,0,0,0,0,0,0,0,,,0,0,0,0
1415226297.50877,public,orders,4,60000000,0,0,15000000,0,0,0,15000000,0,504554,1558780,0,0,,,,
1415226297.50877,pg_catalog,pg_attribute,682,4526,198045,438162,1837,48,1672,34,2412,8,3659,214645,1098,413447,,,,
1415226297.50877,pg_catalog,pg_statistic,0,0,54160,51887,391,1156,344,856,520,141,3452,51906,404,116474,10000,52207,124,45558
1415226297.50877,public,time_statistics,0,0,,,1,0,0,0,1,0,1,0,,,,,,
1415226297.50877,pg_toast,pg_toast_2618,0,0,1062,3445,0,0,0,0,0,0,808,1044,284,1322,,,,
1415226297.50877,pg_toast,pg_toast_3596,0,0,0,0,0,0,0,0,0,0,0,0,0,0,,,,
1415226297.50877,information_schema,sql_features,0,0,,,0,0,0,0,0,0,0,0,,,0,0,0,0
1415226297.50877,public,part,6,12000000,0,0,2000000,0,0,0,2000000,0,79007,327715,0,0,,,,
1415226297.50877,pg_catalog,pg_depend,0,0,11793,12648,2193,0,2120,0,6277,858,1825,14451,3014,30490,,,,
1415226297.50877,pg_toast,pg_toast_11605,0,0,0,0,0,0,0,0,0,0,0,0,0,0,,,,
1415226297.50877,pg_catalog,pg_opclass,124,124,57748,620588,0,0,0,0,0,0,73,221691,286,71494,,,,
1415226297.50877,pg_catalog,pg_proc,0,0,87351,129274,0,0,0,0,0,0,5709,91169,2050,193009,0,0,0,0
1415226297.50877,public,nation,2,50,0,0,25,0,0,0,25,0,1,3,0,0,,,,
1415226297.50877,pg_catalog,pg_trigger,0,0,0,0,0,0,0,0,0,0,0,0,0,0,0,0,0,0
1415226297.50877,information_schema,sql_languages,0,0,,,0,0,0,0,0,0,0,0,,,0,0,0,0
1415226297.50877,pg_catalog,pg_am,10087,10087,0,0,0,0,0,0,0,0,30,10057,0,0,,,,
1415226297.50877,pg_catalog,pg_largeobject_metadata,0,0,0,0,0,0,0,0,0,0,0,0,0,0,,,,
1415226297.50877,pg_catalog,pg_ts_config_map,0,0,0,0,0,0,0,0,0,0,0,0,0,0,,,,
1415226297.50877,pg_catalog,pg_type,0,0,220799,218639,575,0,556,0,349,75,888,220125,1407,434016,,,,
1415226297.50877,information_schema,sql_sizing_profiles,0,0,,,0,0,0,0,0,0,0,0,,,0,0,0,0
1415226297.50877,pg_catalog,pg_shdepend,0,0,1526,305,0,0,0,0,0,0,135,170,531,1567,,,,
1415226297.50877,pg_catalog,pg_conversion,0,0,0,0,0,0,0,0,0,0,0,0,0,0,,,,
1415226297.50877,pg_catalog,pg_foreign_data_wrapper,0,0,0,0,0,0,0,0,0,0,0,0,0,0,,,,
1415226297.50877,pg_catalog,pg_opfamily,0,0,0,0,0,0,0,0,0,0,0,0,0,0,,,,
1415226297.50877,pg_catalog,pg_shdescription,0,0,0,0,0,0,0,0,0,0,0,0,0,0,0,0,0,0
1415226297.50877,pg_catalog,pg_tablespace,2,4,7010,7010,0,0,0,0,0,0,41,6971,82,13938,,,,
1415226297.50877,pg_catalog,pg_inherits,0,0,280,0,0,0,0,0,0,0,0,0,139,141,,,,
1415226297.50877,pg_toast,pg_toast_2606,0,0,0,0,0,0,0,0,0,0,0,0,0,0,,,,
1415226297.50877,pg_toast,pg_toast_2964,0,0,0,0,0,0,0,0,0,0,0,0,0,0,,,,
1415226297.50877,pg_catalog,pg_database,799,3085,34934,34932,1,0,0,0,1,0,9,35723,120,55094,,,,
1415226297.50877,pg_toast,pg_toast_2620,0,0,0,0,0,0,0,0,0,0,0,0,0,0,,,,
1415226297.50877,information_schema,sql_sizing,0,0,,,0,0,0,0,0,0,0,0,,,0,0,0,0
1415226297.50877,pg_catalog,pg_amproc,124,248,42469,63227,0,0,0,0,0,0,108,41494,90,94722,,,,
1415226297.50877,public,customer,6,9000000,0,0,1500000,0,0,0,1500000,0,68533,294857,0,0,,,,
1415226297.50877,pg_catalog,pg_collation,0,0,0,0,0,0,0,0,0,0,0,0,0,0,,,,
1415226297.50877,pg_catalog,pg_constraint,0,0,71,32,39,0,32,0,9,32,22,201,40,375,0,0,0,0
1415226297.50877,pg_catalog,pg_range,0,0,2244,0,0,0,0,0,0,0,0,0,317,4171,,,,
1415226297.50877,pg_toast,pg_toast_11600,0,0,0,0,0,0,0,0,0,0,0,0,0,0,,,,
1415226297.50877,pg_toast,pg_toast_11590,0,0,0,0,0,0,0,0,0,0,0,0,0,0,,,,
1415226297.50877,information_schema,sql_implementation_info,0,0,,,0,0,0,0,0,0,0,0,,,0,0,0,0
1415226297.50877,pg_catalog,pg_user_mapping,0,0,0,0,0,0,0,0,0,0,0,0,0,0,,,,
1415226297.50877,pg_catalog,pg_largeobject,0,0,0,0,0,0,0,0,0,0,0,0,0,0,,,,
1415226297.50877,pg_catalog,pg_namespace,654,9180,48261,38650,14,0,0,0,14,0,54,39286,716,58454,,,,
1415226297.50877,information_schema,sql_parts,0,0,,,0,0,0,0,0,0,0,0,,,0,0,0,0
1415226297.50877,pg_catalog,pg_authid,295,295,19342,19342,0,0,0,0,0,0,33,19604,136,38548,,,,
1415226297.50877,pg_catalog,pg_index,1483,143036,96510,139890,213,0,192,0,133,0,453,122207,184,111957,,,,
1415226297.50877,pg_catalog,pg_ts_dict,0,0,0,0,0,0,0,0,0,0,0,0,0,0,,,,
1415226297.50877,public,partsupp,3,24000000,0,0,8000000,0,0,0,8000000,0,340611,954509,0,0,,,,
1415226297.50877,pg_catalog,pg_class,3625,781540,253659,235847,503,160,472,152,319,0,1133,266209,383,481709,,,,
1415226297.50877,pg_toast,pg_toast_2396,0,0,0,0,0,0,0,0,0,0,0,0,0,0,,,,
1415226297.50877,pg_catalog,pg_enum,0,0,0,0,0,0,0,0,0,0,0,0,0,0,,,,
1415226297.50877,pg_catalog,pg_db_role_setting,0,0,30444,0,0,0,0,0,0,0,0,0,30,30414,0,0,0,0
1415226297.50877,pg_catalog,pg_seclabel,0,0,1220,0,0,0,0,0,0,0,0,0,116,1104,0,0,0,0
1415226297.50877,pg_toast,pg_toast_2609,0,0,0,0,0,0,0,0,0,0,0,0,0,0,,,,
1415226297.50877,public,region,2,10,0,0,5,0,0,0,5,0,1,3,0,0,,,,
1415226297.50877,pg_toast,pg_toast_1255,0,0,0,0,0,0,0,0,0,0,0,0,0,0,,,,
1415226297.50877,pg_catalog,pg_rewrite,0,0,2799,2319,160,0,160,0,112,17,1353,2159,585,4181,808,1044,284,1322
1415226297.50877,pg_catalog,pg_ts_config,0,0,0,0,0,0,0,0,0,0,0,0,0,0,,,,
1415226297.50877,pg_catalog,pg_extension,0,0,0,0,0,0,0,0,0,0,0,0,0,0,,,,
1415226297.50877,pg_catalog,pg_amop,0,0,85435,124255,0,0,0,0,0,0,148,124107,505,181977,,,,
1415226297.50877,pg_catalog,pg_cast,0,0,308791,76541,0,0,0,0,0,0,107,76434,64,318060,,,,
1415226297.50877,pg_toast,pg_toast_2619,0,0,38971,130025,1504,0,1295,0,231,12,10000,52207,124,45558,,,,
1415226297.50877,pg_toast,pg_toast_11610,0,0,0,0,0,0,0,0,0,0,0,0,0,0,,,,
1415226297.50877,public,lineitem,1,59986052,0,0,59986052,0,0,0,59986052,0,1833774,2605208,0,0,,,,
1415226297.50877,pg_toast,pg_toast_2604,0,0,0,0,0,0,0,0,0,0,0,0,0,0,,,,
1415226357.50704,pg_catalog,pg_auth_members,0,0,0,0,0,0,0,0,0,0,0,0,0,0,,,,
1415226357.50704,pg_catalog,pg_operator,0,0,73842,369652,0,0,0,0,0,0,815,260631,733,161334,,,,
1415226357.50704,pg_catalog,pg_aggregate,0,0,5060,5060,0,0,0,0,0,0,122,4938,325,8515,,,,
1415226357.50704,pg_catalog,pg_pltemplate,0,0,0,0,0,0,0,0,0,0,0,0,0,0,,,,
1415226357.50704,pg_toast,pg_toast_11615,0,0,0,0,0,0,0,0,0,0,0,0,0,0,,,,
1415226357.50704,pg_catalog,pg_description,0,0,1220,0,0,0,0,0,0,0,0,0,371,2349,0,0,0,0
1415226357.50704,pg_catalog,pg_language,0,0,0,0,0,0,0,0,0,0,0,0,0,0,,,,
1415226357.50704,pg_catalog,pg_ts_parser,0,0,0,0,0,0,0,0,0,0,0,0,0,0,,,,
1415226357.50704,pg_catalog,pg_shseclabel,0,0,0,0,0,0,0,0,0,0,0,0,0,0,,,,
1415226357.50704,pg_catalog,pg_foreign_table,0,0,0,0,0,0,0,0,0,0,0,0,0,0,,,,
1415226357.50704,pg_toast,pg_toast_11620,0,0,0,0,0,0,0,0,0,0,0,0,0,0,,,,
1415226357.50704,pg_catalog,pg_attrdef,0,0,0,0,0,0,0,0,0,0,0,0,0,0,0,0,0,0
1415226357.50704,pg_catalog,pg_ts_template,0,0,0,0,0,0,0,0,0,0,0,0,0,0,,,,
1415226357.50704,pg_catalog,pg_foreign_server,0,0,0,0,0,0,0,0,0,0,0,0,0,0,,,,
1415226357.50704,pg_catalog,pg_default_acl,0,0,1160,0,0,0,0,0,0,0,0,0,123,1037,,,,
1415226357.50704,pg_toast,pg_toast_11595,0,0,0,0,0,0,0,0,0,0,0,0,0,0,,,,
1415226357.50704,public,supplier,4,400000,0,0,100000,0,0,0,100000,0,2312,15648,0,0,,,,
1415226357.50704,information_schema,sql_packages,0,0,,,0,0,0,0,0,0,0,0,,,0,0,0,0
1415226357.50704,public,orders,4,60000000,0,0,15000000,0,0,0,15000000,0,504554,1558780,0,0,,,,
1415226357.50704,pg_catalog,pg_attribute,682,4526,198257,438622,1839,48,1672,34,2414,8,3659,214866,1098,413887,,,,
1415226357.50704,pg_catalog,pg_statistic,0,0,54185,51906,391,1156,344,856,520,135,3452,51925,404,116529,10000,52210,124,45564
1415226357.50704,public,time_statistics,0,0,,,1,0,0,0,1,0,1,0,,,,,,
1415226357.50704,pg_toast,pg_toast_2618,0,0,1066,3458,0,0,0,0,0,0,808,1051,284,1328,,,,
1415226357.50704,pg_toast,pg_toast_3596,0,0,0,0,0,0,0,0,0,0,0,0,0,0,,,,
1415226357.50704,information_schema,sql_features,0,0,,,0,0,0,0,0,0,0,0,,,0,0,0,0
1415226357.50704,public,part,6,12000000,0,0,2000000,0,0,0,2000000,0,79007,327715,0,0,,,,
1415226357.50704,pg_catalog,pg_depend,0,0,11800,12655,2197,0,2120,0,6281,858,1825,14468,3014,30524,,,,
1415226357.50704,pg_toast,pg_toast_11605,0,0,0,0,0,0,0,0,0,0,0,0,0,0,,,,
1415226357.50704,pg_catalog,pg_opclass,124,124,57771,620847,0,0,0,0,0,0,73,221769,286,71528,,,,
1415226357.50704,pg_catalog,pg_proc,0,0,87428,129386,0,0,0,0,0,0,5710,91260,2050,193179,0,0,0,0
1415226357.50704,public,nation,2,50,0,0,25,0,0,0,25,0,1,3,0,0,,,,
1415226357.50704,pg_catalog,pg_trigger,0,0,0,0,0,0,0,0,0,0,0,0,0,0,0,0,0,0
1415226357.50704,information_schema,sql_languages,0,0,,,0,0,0,0,0,0,0,0,,,0,0,0,0
1415226357.50704,pg_catalog,pg_am,10095,10095,0,0,0,0,0,0,0,0,30,10065,0,0,,,,
1415226357.50704,pg_catalog,pg_largeobject_metadata,0,0,0,0,0,0,0,0,0,0,0,0,0,0,,,,
1415226357.50704,pg_catalog,pg_ts_config_map,0,0,0,0,0,0,0,0,0,0,0,0,0,0,,,,
1415226357.50704,pg_catalog,pg_type,0,0,220892,218732,575,0,556,0,349,75,888,220218,1407,434209,,,,
1415226357.50704,information_schema,sql_sizing_profiles,0,0,,,0,0,0,0,0,0,0,0,,,0,0,0,0
1415226357.50704,pg_catalog,pg_shdepend,0,0,1526,305,0,0,0,0,0,0,135,170,531,1567,,,,
1415226357.50704,pg_catalog,pg_conversion,0,0,0,0,0,0,0,0,0,0,0,0,0,0,,,,
1415226357.50704,pg_catalog,pg_foreign_data_wrapper,0,0,0,0,0,0,0,0,0,0,0,0,0,0,,,,
1415226357.50704,pg_catalog,pg_opfamily,0,0,0,0,0,0,0,0,0,0,0,0,0,0,,,,
1415226357.50704,pg_catalog,pg_shdescription,0,0,0,0,0,0,0,0,0,0,0,0,0,0,0,0,0,0
1415226357.50704,pg_catalog,pg_tablespace,2,4,7015,7015,0,0,0,0,0,0,41,6976,82,13948,,,,
1415226357.50704,pg_catalog,pg_inherits,0,0,280,0,0,0,0,0,0,0,0,0,139,141,,,,
1415226357.50704,pg_toast,pg_toast_2606,0,0,0,0,0,0,0,0,0,0,0,0,0,0,,,,
1415226357.50704,pg_toast,pg_toast_2964,0,0,0,0,0,0,0,0,0,0,0,0,0,0,,,,
1415226357.50704,pg_catalog,pg_database,802,3097,34969,34967,1,0,0,0,1,0,9,35761,120,55143,,,,
1415226357.50704,pg_toast,pg_toast_2620,0,0,0,0,0,0,0,0,0,0,0,0,0,0,,,,
1415226357.50704,information_schema,sql_sizing,0,0,,,0,0,0,0,0,0,0,0,,,0,0,0,0
1415226357.50704,pg_catalog,pg_amproc,124,248,42487,63256,0,0,0,0,0,0,108,41512,90,94764,,,,
1415226357.50704,public,customer,6,9000000,0,0,1500000,0,0,0,1500000,0,68533,294857,0,0,,,,
1415226357.50704,pg_catalog,pg_collation,0,0,0,0,0,0,0,0,0,0,0,0,0,0,,,,
1415226357.50704,pg_catalog,pg_constraint,0,0,71,32,39,0,32,0,9,32,22,201,40,375,0,0,0,0
1415226357.50704,pg_catalog,pg_range,0,0,2244,0,0,0,0,0,0,0,0,0,317,4171,,,,
1415226357.50704,pg_toast,pg_toast_11600,0,0,0,0,0,0,0,0,0,0,0,0,0,0,,,,
1415226357.50704,pg_toast,pg_toast_11590,0,0,0,0,0,0,0,0,0,0,0,0,0,0,,,,
1415226357.50704,information_schema,sql_implementation_info,0,0,,,0,0,0,0,0,0,0,0,,,0,0,0,0
1415226357.50704,pg_catalog,pg_user_mapping,0,0,0,0,0,0,0,0,0,0,0,0,0,0,,,,
1415226357.50704,pg_catalog,pg_largeobject,0,0,0,0,0,0,0,0,0,0,0,0,0,0,,,,
1415226357.50704,pg_catalog,pg_namespace,656,9220,48412,38794,14,0,0,0,14,0,54,39432,716,58614,,,,
1415226357.50704,information_schema,sql_parts,0,0,,,0,0,0,0,0,0,0,0,,,0,0,0,0
1415226357.50704,pg_catalog,pg_authid,296,296,19352,19352,0,0,0,0,0,0,33,19615,136,38568,,,,
1415226357.50704,pg_catalog,pg_index,1487,143560,96560,139958,215,0,192,0,135,0,453,122289,184,112024,,,,
1415226357.50704,pg_catalog,pg_ts_dict,0,0,0,0,0,0,0,0,0,0,0,0,0,0,,,,
1415226357.50704,public,partsupp,3,24000000,0,0,8000000,0,0,0,8000000,0,340611,954509,0,0,,,,
1415226357.50704,pg_catalog,pg_class,3636,784494,254014,236196,505,160,472,152,321,0,1133,266668,383,482441,,,,
1415226357.50704,pg_toast,pg_toast_2396,0,0,0,0,0,0,0,0,0,0,0,0,0,0,,,,
1415226357.50704,pg_catalog,pg_enum,0,0,0,0,0,0,0,0,0,0,0,0,0,0,,,,
1415226357.50704,pg_catalog,pg_db_role_setting,0,0,30465,0,0,0,0,0,0,0,0,0,30,30435,0,0,0,0
1415226357.50704,pg_catalog,pg_seclabel,0,0,1220,0,0,0,0,0,0,0,0,0,116,1104,0,0,0,0
1415226357.50704,pg_toast,pg_toast_2609,0,0,0,0,0,0,0,0,0,0,0,0,0,0,,,,
1415226357.50704,public,region,2,10,0,0,5,0,0,0,5,0,1,3,0,0,,,,
1415226357.50704,pg_toast,pg_toast_1255,0,0,0,0,0,0,0,0,0,0,0,0,0,0,,,,
1415226357.50704,pg_catalog,pg_rewrite,0,0,2806,2326,160,0,160,0,112,17,1353,2166,585,4193,808,1051,284,1328
1415226357.50704,pg_catalog,pg_ts_config,0,0,0,0,0,0,0,0,0,0,0,0,0,0,,,,
1415226357.50704,pg_catalog,pg_extension,0,0,0,0,0,0,0,0,0,0,0,0,0,0,,,,
1415226357.50704,pg_catalog,pg_amop,0,0,85468,124296,0,0,0,0,0,0,148,124148,505,182051,,,,
1415226357.50704,pg_catalog,pg_cast,0,0,308885,76583,0,0,0,0,0,0,107,76476,64,318161,,,,
1415226357.50704,pg_toast,pg_toast_2619,0,0,38974,130031,1504,0,1295,0,231,12,10000,52210,124,45564,,,,
1415226357.50704,pg_toast,pg_toast_11610,0,0,0,0,0,0,0,0,0,0,0,0,0,0,,,,
1415226357.50704,public,lineitem,3,179958156,0,0,59986052,0,0,0,59986052,0,3407940,3161876,0,0,,,,
1415226357.50704,pg_toast,pg_toast_2604,0,0,0,0,0,0,0,0,0,0,0,0,0,0,,,,
1415226417.51586,pg_catalog,pg_auth_members,0,0,0,0,0,0,0,0,0,0,0,0,0,0,,,,
1415226417.51586,pg_catalog,pg_operator,0,0,73859,369669,0,0,0,0,0,0,815,260648,733,161376,,,,
1415226417.51586,pg_catalog,pg_aggregate,0,0,5061,5061,0,0,0,0,0,0,122,4939,325,8517,,,,
1415226417.51586,pg_catalog,pg_pltemplate,0,0,0,0,0,0,0,0,0,0,0,0,0,0,,,,
1415226417.51586,pg_toast,pg_toast_11615,0,0,0,0,0,0,0,0,0,0,0,0,0,0,,,,
1415226417.51586,pg_catalog,pg_description,0,0,1220,0,0,0,0,0,0,0,0,0,371,2349,0,0,0,0
1415226417.51586,pg_catalog,pg_language,0,0,0,0,0,0,0,0,0,0,0,0,0,0,,,,
1415226417.51586,pg_catalog,pg_ts_parser,0,0,0,0,0,0,0,0,0,0,0,0,0,0,,,,
1415226417.51586,pg_catalog,pg_shseclabel,0,0,0,0,0,0,0,0,0,0,0,0,0,0,,,,
1415226417.51586,pg_catalog,pg_foreign_table,0,0,0,0,0,0,0,0,0,0,0,0,0,0,,,,
1415226417.51586,pg_toast,pg_toast_11620,0,0,0,0,0,0,0,0,0,0,0,0,0,0,,,,
1415226417.51586,pg_catalog,pg_attrdef,0,0,0,0,0,0,0,0,0,0,0,0,0,0,0,0,0,0
1415226417.51586,pg_catalog,pg_ts_template,0,0,0,0,0,0,0,0,0,0,0,0,0,0,,,,
1415226417.51586,pg_catalog,pg_foreign_server,0,0,0,0,0,0,0,0,0,0,0,0,0,0,,,,
1415226417.51586,pg_catalog,pg_default_acl,0,0,1160,0,0,0,0,0,0,0,0,0,123,1037,,,,
1415226417.51586,pg_toast,pg_toast_11595,0,0,0,0,0,0,0,0,0,0,0,0,0,0,,,,
1415226417.51586,public,supplier,4,400000,0,0,100000,0,0,0,100000,0,2312,15648,0,0,,,,
1415226417.51586,information_schema,sql_packages,0,0,,,0,0,0,0,0,0,0,0,,,0,0,0,0
1415226417.51586,public,orders,4,60000000,0,0,15000000,0,0,0,15000000,0,504554,1558780,0,0,,,,
1415226417.51586,pg_catalog,pg_attribute,682,4526,198459,439031,1842,48,1672,34,2417,8,3659,215075,1098,414309,,,,
1415226417.51586,pg_catalog,pg_statistic,0,0,54210,51925,391,1156,344,856,520,135,3452,51944,404,116584,10000,52213,124,45570
1415226417.51586,public,time_statistics,0,0,,,1,0,0,0,1,0,1,0,,,,,,
1415226417.51586,pg_toast,pg_toast_2618,0,0,1070,3471,0,0,0,0,0,0,808,1058,284,1334,,,,
1415226417.51586,pg_toast,pg_toast_3596,0,0,0,0,0,0,0,0,0,0,0,0,0,0,,,,
1415226417.51586,information_schema,sql_features,0,0,,,0,0,0,0,0,0,0,0,,,0,0,0,0
1415226417.51586,public,part,6,12000000,0,0,2000000,0,0,0,2000000,0,79007,327715,0,0,,,,
1415226417.51586,pg_catalog,pg_depend,0,0,11806,12661,2200,0,2120,0,6284,858,1825,14482,3014,30550,,,,
1415226417.51586,pg_toast,pg_toast_11605,0,0,0,0,0,0,0,0,0,0,0,0,0,0,,,,
1415226417.51586,pg_catalog,pg_opclass,124,124,57794,621146,0,0,0,0,0,0,73,221855,286,71560,,,,
1415226417.51586,pg_catalog,pg_proc,0,0,87504,129497,0,0,0,0,0,0,5710,91351,2050,193346,0,0,0,0
1415226417.51586,public,nation,2,50,0,0,25,0,0,0,25,0,1,3,0,0,,,,
1415226417.51586,pg_catalog,pg_trigger,0,0,0,0,0,0,0,0,0,0,0,0,0,0,0,0,0,0
1415226417.51586,information_schema,sql_languages,0,0,,,0,0,0,0,0,0,0,0,,,0,0,0,0
1415226417.51586,pg_catalog,pg_am,10101,10101,0,0,0,0,0,0,0,0,30,10071,0,0,,,,
1415226417.51586,pg_catalog,pg_largeobject_metadata,0,0,0,0,0,0,0,0,0,0,0,0,0,0,,,,
1415226417.51586,pg_catalog,pg_ts_config_map,0,0,0,0,0,0,0,0,0,0,0,0,0,0,,,,
1415226417.51586,pg_catalog,pg_type,0,0,220984,218824,575,0,556,0,349,75,888,220310,1407,434399,,,,
1415226417.51586,information_schema,sql_sizing_profiles,0,0,,,0,0,0,0,0,0,0,0,,,0,0,0,0
1415226417.51586,pg_catalog,pg_shdepend,0,0,1526,305,0,0,0,0,0,0,135,170,531,1567,,,,
1415226417.51586,pg_catalog,pg_conversion,0,0,0,0,0,0,0,0,0,0,0,0,0,0,,,,
1415226417.51586,pg_catalog,pg_foreign_data_wrapper,0,0,0,0,0,0,0,0,0,0,0,0,0,0,,,,
1415226417.51586,pg_catalog,pg_opfamily,0,0,0,0,0,0,0,0,0,0,0,0,0,0,,,,
1415226417.51586,pg_catalog,pg_shdescription,0,0,0,0,0,0,0,0,0,0,0,0,0,0,0,0,0,0
1415226417.51586,pg_catalog,pg_tablespace,2,4,7020,7020,0,0,0,0,0,0,41,6981,82,13958,,,,
1415226417.51586,pg_catalog,pg_inherits,0,0,280,0,0,0,0,0,0,0,0,0,139,141,,,,
1415226417.51586,pg_toast,pg_toast_2606,0,0,0,0,0,0,0,0,0,0,0,0,0,0,,,,
1415226417.51586,pg_toast,pg_toast_2964,0,0,0,0,0,0,0,0,0,0,0,0,0,0,,,,
1415226417.51586,pg_catalog,pg_database,805,3109,34999,34997,1,0,0,0,1,0,9,35794,120,55185,,,,
1415226417.51586,pg_toast,pg_toast_2620,0,0,0,0,0,0,0,0,0,0,0,0,0,0,,,,
1415226417.51586,information_schema,sql_sizing,0,0,,,0,0,0,0,0,0,0,0,,,0,0,0,0
1415226417.51586,pg_catalog,pg_amproc,124,248,42504,63283,0,0,0,0,0,0,108,41529,90,94803,,,,
1415226417.51586,public,customer,6,9000000,0,0,1500000,0,0,0,1500000,0,68533,294857,0,0,,,,
1415226417.51586,pg_catalog,pg_collation,0,0,0,0,0,0,0,0,0,0,0,0,0,0,,,,
1415226417.51586,pg_catalog,pg_constraint,0,0,71,32,39,0,32,0,9,32,22,201,40,375,0,0,0,0
1415226417.51586,pg_catalog,pg_range,0,0,2244,0,0,0,0,0,0,0,0,0,317,4171,,,,
1415226417.51586,pg_toast,pg_toast_11600,0,0,0,0,0,0,0,0,0,0,0,0,0,0,,,,
1415226417.51586,pg_toast,pg_toast_11590,0,0,0,0,0,0,0,0,0,0,0,0,0,0,,,,
1415226417.51586,information_schema,sql_implementation_info,0,0,,,0,0,0,0,0,0,0,0,,,0,0,0,0
1415226417.51586,pg_catalog,pg_user_mapping,0,0,0,0,0,0,0,0,0,0,0,0,0,0,,,,
1415226417.51586,pg_catalog,pg_largeobject,0,0,0,0,0,0,0,0,0,0,0,0,0,0,,,,
1415226417.51586,pg_catalog,pg_namespace,658,9260,48563,38939,14,0,0,0,14,0,54,39579,716,58773,,,,
1415226417.51586,information_schema,sql_parts,0,0,,,0,0,0,0,0,0,0,0,,,0,0,0,0
1415226417.51586,pg_catalog,pg_authid,297,297,19360,19360,0,0,0,0,0,0,33,19624,136,38584,,,,
1415226417.51586,pg_catalog,pg_index,1491,144092,96601,140013,216,0,192,0,136,0,453,122358,184,112078,,,,
1415226417.51586,pg_catalog,pg_ts_dict,0,0,0,0,0,0,0,0,0,0,0,0,0,0,,,,
1415226417.51586,public,partsupp,3,24000000,0,0,8000000,0,0,0,8000000,0,340611,954509,0,0,,,,
1415226417.51586,pg_catalog,pg_class,3647,787468,254356,236535,506,160,472,152,322,0,1133,267112,383,483141,,,,
1415226417.51586,pg_toast,pg_toast_2396,0,0,0,0,0,0,0,0,0,0,0,0,0,0,,,,
1415226417.51586,pg_catalog,pg_enum,0,0,0,0,0,0,0,0,0,0,0,0,0,0,,,,
1415226417.51586,pg_catalog,pg_db_role_setting,0,0,30483,0,0,0,0,0,0,0,0,0,30,30453,0,0,0,0
1415226417.51586,pg_catalog,pg_seclabel,0,0,1220,0,0,0,0,0,0,0,0,0,116,1104,0,0,0,0
1415226417.51586,pg_toast,pg_toast_2609,0,0,0,0,0,0,0,0,0,0,0,0,0,0,,,,
1415226417.51586,public,region,2,10,0,0,5,0,0,0,5,0,1,3,0,0,,,,
1415226417.51586,pg_toast,pg_toast_1255,0,0,0,0,0,0,0,0,0,0,0,0,0,0,,,,
1415226417.51586,pg_catalog,pg_rewrite,0,0,2813,2333,160,0,160,0,112,17,1353,2173,585,4205,808,1058,284,1334
1415226417.51586,pg_catalog,pg_ts_config,0,0,0,0,0,0,0,0,0,0,0,0,0,0,,,,
1415226417.51586,pg_catalog,pg_extension,0,0,0,0,0,0,0,0,0,0,0,0,0,0,,,,
1415226417.51586,pg_catalog,pg_amop,0,0,85501,124337,0,0,0,0,0,0,148,124189,505,182125,,,,
1415226417.51586,pg_catalog,pg_cast,0,0,308973,76618,0,0,0,0,0,0,107,76511,64,318255,,,,
1415226417.51586,pg_toast,pg_toast_2619,0,0,38977,130037,1504,0,1295,0,231,12,10000,52213,124,45570,,,,
1415226417.51586,pg_toast,pg_toast_11610,0,0,0,0,0,0,0,0,0,0,0,0,0,0,,,,
1415226417.51586,public,lineitem,4,239944208,0,0,59986052,0,0,0,59986052,0,4105885,3529348,0,0,,,,
1415226417.51586,pg_toast,pg_toast_2604,0,0,0,0,0,0,0,0,0,0,0,0,0,0,,,,
1415226477.51902,pg_catalog,pg_auth_members,0,0,0,0,0,0,0,0,0,0,0,0,0,0,,,,
1415226477.51902,pg_catalog,pg_operator,0,0,73876,369686,0,0,0,0,0,0,815,260665,733,161418,,,,
1415226477.51902,pg_catalog,pg_aggregate,0,0,5062,5062,0,0,0,0,0,0,122,4940,325,8519,,,,
1415226477.51902,pg_catalog,pg_pltemplate,0,0,0,0,0,0,0,0,0,0,0,0,0,0,,,,
1415226477.51902,pg_toast,pg_toast_11615,0,0,0,0,0,0,0,0,0,0,0,0,0,0,,,,
1415226477.51902,pg_catalog,pg_description,0,0,1220,0,0,0,0,0,0,0,0,0,371,2349,0,0,0,0
1415226477.51902,pg_catalog,pg_language,0,0,0,0,0,0,0,0,0,0,0,0,0,0,,,,
1415226477.51902,pg_catalog,pg_ts_parser,0,0,0,0,0,0,0,0,0,0,0,0,0,0,,,,
1415226477.51902,pg_catalog,pg_shseclabel,0,0,0,0,0,0,0,0,0,0,0,0,0,0,,,,
1415226477.51902,pg_catalog,pg_foreign_table,0,0,0,0,0,0,0,0,0,0,0,0,0,0,,,,
1415226477.51902,pg_toast,pg_toast_11620,0,0,0,0,0,0,0,0,0,0,0,0,0,0,,,,
1415226477.51902,pg_catalog,pg_attrdef,0,0,0,0,0,0,0,0,0,0,0,0,0,0,0,0,0,0
1415226477.51902,pg_catalog,pg_ts_template,0,0,0,0,0,0,0,0,0,0,0,0,0,0,,,,
1415226477.51902,pg_catalog,pg_foreign_server,0,0,0,0,0,0,0,0,0,0,0,0,0,0,,,,
1415226477.51902,pg_catalog,pg_default_acl,0,0,1160,0,0,0,0,0,0,0,0,0,123,1037,,,,
1415226477.51902,pg_toast,pg_toast_11595,0,0,0,0,0,0,0,0,0,0,0,0,0,0,,,,
1415226477.51902,public,supplier,4,400000,0,0,100000,0,0,0,100000,0,2312,15648,0,0,,,,
1415226477.51902,information_schema,sql_packages,0,0,,,0,0,0,0,0,0,0,0,,,0,0,0,0
1415226477.51902,public,orders,4,60000000,0,0,15000000,0,0,0,15000000,0,504554,1558780,0,0,,,,
1415226477.51902,pg_catalog,pg_attribute,682,4526,198652,439350,1842,48,1672,34,2417,8,3659,215269,1098,414702,,,,
1415226477.51902,pg_catalog,pg_statistic,0,0,54235,51944,391,1156,344,856,520,135,3452,51963,404,116639,10000,52216,124,45576
1415226477.51902,public,time_statistics,0,0,,,1,0,0,0,1,0,1,0,,,,,,
1415226477.51902,pg_toast,pg_toast_2618,0,0,1074,3484,0,0,0,0,0,0,808,1065,284,1340,,,,
1415226477.51902,pg_toast,pg_toast_3596,0,0,0,0,0,0,0,0,0,0,0,0,0,0,,,,
1415226477.51902,information_schema,sql_features,0,0,,,0,0,0,0,0,0,0,0,,,0,0,0,0
1415226477.51902,public,part,6,12000000,0,0,2000000,0,0,0,2000000,0,79007,327715,0,0,,,,
1415226477.51902,pg_catalog,pg_depend,0,0,11806,12661,2200,0,2120,0,6284,858,1825,14482,3014,30550,,,,
1415226477.51902,pg_toast,pg_toast_11605,0,0,0,0,0,0,0,0,0,0,0,0,0,0,,,,
1415226477.51902,pg_catalog,pg_opclass,124,124,57812,621320,0,0,0,0,0,0,73,221912,286,71588,,,,
1415226477.51902,pg_catalog,pg_proc,0,0,87580,129608,0,0,0,0,0,0,5710,91442,2050,193513,0,0,0,0
1415226477.51902,public,nation,2,50,0,0,25,0,0,0,25,0,1,3,0,0,,,,
1415226477.51902,pg_catalog,pg_trigger,0,0,0,0,0,0,0,0,0,0,0,0,0,0,0,0,0,0
1415226477.51902,information_schema,sql_languages,0,0,,,0,0,0,0,0,0,0,0,,,0,0,0,0
1415226477.51902,pg_catalog,pg_am,10108,10108,0,0,0,0,0,0,0,0,30,10078,0,0,,,,
1415226477.51902,pg_catalog,pg_largeobject_metadata,0,0,0,0,0,0,0,0,0,0,0,0,0,0,,,,
1415226477.51902,pg_catalog,pg_ts_config_map,0,0,0,0,0,0,0,0,0,0,0,0,0,0,,,,
1415226477.51902,pg_catalog,pg_type,0,0,221074,218914,575,0,556,0,349,75,888,220400,1407,434584,,,,
1415226477.51902,information_schema,sql_sizing_profiles,0,0,,,0,0,0,0,0,0,0,0,,,0,0,0,0
1415226477.51902,pg_catalog,pg_shdepend,0,0,1526,305,0,0,0,0,0,0,135,170,531,1567,,,,
1415226477.51902,pg_catalog,pg_conversion,0,0,0,0,0,0,0,0,0,0,0,0,0,0,,,,
1415226477.51902,pg_catalog,pg_foreign_data_wrapper,0,0,0,0,0,0,0,0,0,0,0,0,0,0,,,,
1415226477.51902,pg_catalog,pg_opfamily,0,0,0,0,0,0,0,0,0,0,0,0,0,0,,,,
1415226477.51902,pg_catalog,pg_shdescription,0,0,0,0,0,0,0,0,0,0,0,0,0,0,0,0,0,0
1415226477.51902,pg_catalog,pg_tablespace,2,4,7025,7025,0,0,0,0,0,0,41,6986,82,13968,,,,
1415226477.51902,pg_catalog,pg_inherits,0,0,280,0,0,0,0,0,0,0,0,0,139,141,,,,
1415226477.51902,pg_toast,pg_toast_2606,0,0,0,0,0,0,0,0,0,0,0,0,0,0,,,,
1415226477.51902,pg_toast,pg_toast_2964,0,0,0,0,0,0,0,0,0,0,0,0,0,0,,,,
1415226477.51902,pg_catalog,pg_database,808,3121,35033,35031,1,0,0,0,1,0,9,35831,120,55235,,,,
1415226477.51902,pg_toast,pg_toast_2620,0,0,0,0,0,0,0,0,0,0,0,0,0,0,,,,
1415226477.51902,information_schema,sql_sizing,0,0,,,0,0,0,0,0,0,0,0,,,0,0,0,0
1415226477.51902,pg_catalog,pg_amproc,124,248,42521,63310,0,0,0,0,0,0,108,41546,90,94844,,,,
1415226477.51902,public,customer,6,9000000,0,0,1500000,0,0,0,1500000,0,68533,294857,0,0,,,,
1415226477.51902,pg_catalog,pg_collation,0,0,0,0,0,0,0,0,0,0,0,0,0,0,,,,
1415226477.51902,pg_catalog,pg_constraint,0,0,71,32,39,0,32,0,9,32,22,201,40,375,0,0,0,0
1415226477.51902,pg_catalog,pg_range,0,0,2244,0,0,0,0,0,0,0,0,0,317,4171,,,,
1415226477.51902,pg_toast,pg_toast_11600,0,0,0,0,0,0,0,0,0,0,0,0,0,0,,,,
1415226477.51902,pg_toast,pg_toast_11590,0,0,0,0,0,0,0,0,0,0,0,0,0,0,,,,
1415226477.51902,information_schema,sql_implementation_info,0,0,,,0,0,0,0,0,0,0,0,,,0,0,0,0
1415226477.51902,pg_catalog,pg_user_mapping,0,0,0,0,0,0,0,0,0,0,0,0,0,0,,,,
1415226477.51902,pg_catalog,pg_largeobject,0,0,0,0,0,0,0,0,0,0,0,0,0,0,,,,
1415226477.51902,pg_catalog,pg_namespace,660,9300,48713,39084,14,0,0,0,14,0,54,39726,716,58930,,,,
1415226477.51902,information_schema,sql_parts,0,0,,,0,0,0,0,0,0,0,0,,,0,0,0,0
1415226477.51902,pg_catalog,pg_authid,298,298,19372,19372,0,0,0,0,0,0,33,19637,136,38608,,,,
1415226477.51902,pg_catalog,pg_index,1495,144628,96636,140058,216,0,192,0,136,0,453,122417,184,112125,,,,
1415226477.51902,pg_catalog,pg_ts_dict,0,0,0,0,0,0,0,0,0,0,0,0,0,0,,,,
1415226477.51902,public,partsupp,3,24000000,0,0,8000000,0,0,0,8000000,0,340611,954509,0,0,,,,
1415226477.51902,pg_catalog,pg_class,3658,790449,254686,236865,506,160,472,152,322,0,1133,267542,383,483814,,,,
1415226477.51902,pg_toast,pg_toast_2396,0,0,0,0,0,0,0,0,0,0,0,0,0,0,,,,
1415226477.51902,pg_catalog,pg_enum,0,0,0,0,0,0,0,0,0,0,0,0,0,0,,,,
1415226477.51902,pg_catalog,pg_db_role_setting,0,0,30507,0,0,0,0,0,0,0,0,0,30,30477,0,0,0,0
1415226477.51902,pg_catalog,pg_seclabel,0,0,1220,0,0,0,0,0,0,0,0,0,116,1104,0,0,0,0
1415226477.51902,pg_toast,pg_toast_2609,0,0,0,0,0,0,0,0,0,0,0,0,0,0,,,,
1415226477.51902,public,region,2,10,0,0,5,0,0,0,5,0,1,3,0,0,,,,
1415226477.51902,pg_toast,pg_toast_1255,0,0,0,0,0,0,0,0,0,0,0,0,0,0,,,,
1415226477.51902,pg_catalog,pg_rewrite,0,0,2820,2340,160,0,160,0,112,17,1353,2180,585,4217,808,1065,284,1340
1415226477.51902,pg_catalog,pg_ts_config,0,0,0,0,0,0,0,0,0,0,0,0,0,0,,,,
1415226477.51902,pg_catalog,pg_extension,0,0,0,0,0,0,0,0,0,0,0,0,0,0,,,,
1415226477.51902,pg_catalog,pg_amop,0,0,85534,124378,0,0,0,0,0,0,148,124230,505,182199,,,,
1415226477.51902,pg_catalog,pg_cast,0,0,309041,76646,0,0,0,0,0,0,107,76539,64,318328,,,,
1415226477.51902,pg_toast,pg_toast_2619,0,0,38980,130043,1504,0,1295,0,231,12,10000,52216,124,45576,,,,
1415226477.51902,pg_toast,pg_toast_11610,0,0,0,0,0,0,0,0,0,0,0,0,0,0,,,,
1415226477.51902,public,lineitem,4,239944208,0,0,59986052,0,0,0,59986052,0,4105885,3529348,0,0,,,,
1415226477.51902,pg_toast,pg_toast_2604,0,0,0,0,0,0,0,0,0,0,0,0,0,0,,,,
1415226537.5265,pg_catalog,pg_auth_members,0,0,0,0,0,0,0,0,0,0,0,0,0,0,,,,
1415226537.5265,pg_catalog,pg_operator,0,0,73895,369705,0,0,0,0,0,0,815,260684,733,161466,,,,
1415226537.5265,pg_catalog,pg_aggregate,0,0,5063,5063,0,0,0,0,0,0,122,4941,325,8521,,,,
1415226537.5265,pg_catalog,pg_pltemplate,0,0,0,0,0,0,0,0,0,0,0,0,0,0,,,,
1415226537.5265,pg_toast,pg_toast_11615,0,0,0,0,0,0,0,0,0,0,0,0,0,0,,,,
1415226537.5265,pg_catalog,pg_description,0,0,1220,0,0,0,0,0,0,0,0,0,371,2349,0,0,0,0
1415226537.5265,pg_catalog,pg_language,0,0,0,0,0,0,0,0,0,0,0,0,0,0,,,,
1415226537.5265,pg_catalog,pg_ts_parser,0,0,0,0,0,0,0,0,0,0,0,0,0,0,,,,
1415226537.5265,pg_catalog,pg_shseclabel,0,0,0,0,0,0,0,0,0,0,0,0,0,0,,,,
1415226537.5265,pg_catalog,pg_foreign_table,0,0,0,0,0,0,0,0,0,0,0,0,0,0,,,,
1415226537.5265,pg_toast,pg_toast_11620,0,0,0,0,0,0,0,0,0,0,0,0,0,0,,,,
1415226537.5265,pg_catalog,pg_attrdef,0,0,0,0,0,0,0,0,0,0,0,0,0,0,0,0,0,0
1415226537.5265,pg_catalog,pg_ts_template,0,0,0,0,0,0,0,0,0,0,0,0,0,0,,,,
1415226537.5265,pg_catalog,pg_foreign_server,0,0,0,0,0,0,0,0,0,0,0,0,0,0,,,,
1415226537.5265,pg_catalog,pg_default_acl,0,0,1160,0,0,0,0,0,0,0,0,0,123,1037,,,,
1415226537.5265,pg_toast,pg_toast_11595,0,0,0,0,0,0,0,0,0,0,0,0,0,0,,,,
1415226537.5265,public,supplier,4,400000,0,0,100000,0,0,0,100000,0,2312,15648,0,0,,,,
1415226537.5265,information_schema,sql_packages,0,0,,,0,0,0,0,0,0,0,0,,,0,0,0,0
1415226537.5265,public,orders,4,60000000,0,0,15000000,0,0,0,15000000,0,504554,1558780,0,0,,,,
1415226537.5265,pg_catalog,pg_attribute,682,4526,198867,439807,1845,48,1672,34,2420,8,3659,215491,1098,415151,,,,
1415226537.5265,pg_catalog,pg_statistic,0,0,54262,51965,391,1156,344,856,520,135,3452,51984,404,116699,10000,52220,124,45584
1415226537.5265,public,time_statistics,0,0,,,1,0,0,0,1,0,1,0,,,,,,
1415226537.5265,pg_toast,pg_toast_2618,0,0,1078,3497,0,0,0,0,0,0,808,1072,284,1346,,,,
1415226537.5265,pg_toast,pg_toast_3596,0,0,0,0,0,0,0,0,0,0,0,0,0,0,,,,
1415226537.5265,information_schema,sql_features,0,0,,,0,0,0,0,0,0,0,0,,,0,0,0,0
1415226537.5265,public,part,6,12000000,0,0,2000000,0,0,0,2000000,0,79007,327715,0,0,,,,
1415226537.5265,pg_catalog,pg_depend,0,0,11812,12667,2203,0,2120,0,6287,858,1825,14494,3014,30576,,,,
1415226537.5265,pg_toast,pg_toast_11605,0,0,0,0,0,0,0,0,0,0,0,0,0,0,,,,
1415226537.5265,pg_catalog,pg_opclass,124,124,57843,621703,0,0,0,0,0,0,73,222029,286,71630,,,,
1415226537.5265,pg_catalog,pg_proc,0,0,87662,129732,0,0,0,0,0,0,5710,91542,2050,193695,0,0,0,0
1415226537.5265,public,nation,2,50,0,0,25,0,0,0,25,0,1,3,0,0,,,,
1415226537.5265,pg_catalog,pg_trigger,0,0,0,0,0,0,0,0,0,0,0,0,0,0,0,0,0,0
1415226537.5265,information_schema,sql_languages,0,0,,,0,0,0,0,0,0,0,0,,,0,0,0,0
1415226537.5265,pg_catalog,pg_am,10115,10115,0,0,0,0,0,0,0,0,30,10085,0,0,,,,
1415226537.5265,pg_catalog,pg_largeobject_metadata,0,0,0,0,0,0,0,0,0,0,0,0,0,0,,,,
1415226537.5265,pg_catalog,pg_ts_config_map,0,0,0,0,0,0,0,0,0,0,0,0,0,0,,,,
1415226537.5265,pg_catalog,pg_type,0,0,221187,219027,575,0,556,0,349,75,888,220513,1407,434817,,,,
1415226537.5265,information_schema,sql_sizing_profiles,0,0,,,0,0,0,0,0,0,0,0,,,0,0,0,0
1415226537.5265,pg_catalog,pg_shdepend,0,0,1526,305,0,0,0,0,0,0,135,170,531,1567,,,,
1415226537.5265,pg_catalog,pg_conversion,0,0,0,0,0,0,0,0,0,0,0,0,0,0,,,,
1415226537.5265,pg_catalog,pg_foreign_data_wrapper,0,0,0,0,0,0,0,0,0,0,0,0,0,0,,,,
1415226537.5265,pg_catalog,pg_opfamily,0,0,0,0,0,0,0,0,0,0,0,0,0,0,,,,
1415226537.5265,pg_catalog,pg_shdescription,0,0,0,0,0,0,0,0,0,0,0,0,0,0,0,0,0,0
1415226537.5265,pg_catalog,pg_tablespace,2,4,7031,7031,0,0,0,0,0,0,41,6992,82,13980,,,,
1415226537.5265,pg_catalog,pg_inherits,0,0,280,0,0,0,0,0,0,0,0,0,139,141,,,,
1415226537.5265,pg_toast,pg_toast_2606,0,0,0,0,0,0,0,0,0,0,0,0,0,0,,,,
1415226537.5265,pg_toast,pg_toast_2964,0,0,0,0,0,0,0,0,0,0,0,0,0,0,,,,
1415226537.5265,pg_catalog,pg_database,811,3133,35065,35063,1,0,0,0,1,0,9,35866,120,55281,,,,
1415226537.5265,pg_toast,pg_toast_2620,0,0,0,0,0,0,0,0,0,0,0,0,0,0,,,,
1415226537.5265,information_schema,sql_sizing,0,0,,,0,0,0,0,0,0,0,0,,,0,0,0,0
1415226537.5265,pg_catalog,pg_amproc,124,248,42544,63345,0,0,0,0,0,0,108,41569,90,94896,,,,
1415226537.5265,public,customer,6,9000000,0,0,1500000,0,0,0,1500000,0,68533,294857,0,0,,,,
1415226537.5265,pg_catalog,pg_collation,0,0,0,0,0,0,0,0,0,0,0,0,0,0,,,,
1415226537.5265,pg_catalog,pg_constraint,0,0,71,32,39,0,32,0,9,32,22,201,40,375,0,0,0,0
1415226537.5265,pg_catalog,pg_range,0,0,2244,0,0,0,0,0,0,0,0,0,317,4171,,,,
1415226537.5265,pg_toast,pg_toast_11600,0,0,0,0,0,0,0,0,0,0,0,0,0,0,,,,
1415226537.5265,pg_toast,pg_toast_11590,0,0,0,0,0,0,0,0,0,0,0,0,0,0,,,,
1415226537.5265,information_schema,sql_implementation_info,0,0,,,0,0,0,0,0,0,0,0,,,0,0,0,0
1415226537.5265,pg_catalog,pg_user_mapping,0,0,0,0,0,0,0,0,0,0,0,0,0,0,,,,
1415226537.5265,pg_catalog,pg_largeobject,0,0,0,0,0,0,0,0,0,0,0,0,0,0,,,,
1415226537.5265,pg_catalog,pg_namespace,662,9340,48868,39232,14,0,0,0,14,0,54,39876,716,59094,,,,
1415226537.5265,information_schema,sql_parts,0,0,,,0,0,0,0,0,0,0,0,,,0,0,0,0
1415226537.5265,pg_catalog,pg_authid,299,299,19382,19382,0,0,0,0,0,0,33,19648,136,38628,,,,
1415226537.5265,pg_catalog,pg_index,1499,145164,96681,140118,217,0,192,0,137,0,453,122490,184,112185,,,,
1415226537.5265,pg_catalog,pg_ts_dict,0,0,0,0,0,0,0,0,0,0,0,0,0,0,,,,
1415226537.5265,public,partsupp,3,24000000,0,0,8000000,0,0,0,8000000,0,340611,954509,0,0,,,,
1415226537.5265,pg_catalog,pg_class,3670,793753,255041,237217,507,160,472,152,323,0,1133,268008,383,484542,,,,
1415226537.5265,pg_toast,pg_toast_2396,0,0,0,0,0,0,0,0,0,0,0,0,0,0,,,,
1415226537.5265,pg_catalog,pg_enum,0,0,0,0,0,0,0,0,0,0,0,0,0,0,,,,
1415226537.5265,pg_catalog,pg_db_role_setting,0,0,30528,0,0,0,0,0,0,0,0,0,30,30498,0,0,0,0
1415226537.5265,pg_catalog,pg_seclabel,0,0,1220,0,0,0,0,0,0,0,0,0,116,1104,0,0,0,0
1415226537.5265,pg_toast,pg_toast_2609,0,0,0,0,0,0,0,0,0,0,0,0,0,0,,,,
1415226537.5265,public,region,2,10,0,0,5,0,0,0,5,0,1,3,0,0,,,,
1415226537.5265,pg_toast,pg_toast_1255,0,0,0,0,0,0,0,0,0,0,0,0,0,0,,,,
1415226537.5265,pg_catalog,pg_rewrite,0,0,2828,2348,160,0,160,0,112,17,1353,2188,585,4231,808,1072,284,1346
1415226537.5265,pg_catalog,pg_ts_config,0,0,0,0,0,0,0,0,0,0,0,0,0,0,,,,
1415226537.5265,pg_catalog,pg_extension,0,0,0,0,0,0,0,0,0,0,0,0,0,0,,,,
1415226537.5265,pg_catalog,pg_amop,0,0,85577,124431,0,0,0,0,0,0,148,124283,505,182295,,,,
1415226537.5265,pg_catalog,pg_cast,0,0,309163,76687,0,0,0,0,0,0,107,76580,64,318457,,,,
1415226537.5265,pg_toast,pg_toast_2619,0,0,38984,130051,1504,0,1295,0,231,12,10000,52220,124,45584,,,,
1415226537.5265,pg_toast,pg_toast_11610,0,0,0,0,0,0,0,0,0,0,0,0,0,0,,,,
1415226537.5265,public,lineitem,5,299930260,0,0,59986052,0,0,0,59986052,0,4788962,3911688,0,0,,,,
1415226537.5265,pg_toast,pg_toast_2604,0,0,0,0,0,0,0,0,0,0,0,0,0,0,,,,
1415226597.53229,pg_catalog,pg_auth_members,0,0,0,0,0,0,0,0,0,0,0,0,0,0,,,,
1415226597.53229,pg_catalog,pg_operator,0,0,73913,369723,0,0,0,0,0,0,815,260702,733,161511,,,,
1415226597.53229,pg_catalog,pg_aggregate,0,0,5064,5064,0,0,0,0,0,0,122,4942,325,8523,,,,
1415226597.53229,pg_catalog,pg_pltemplate,0,0,0,0,0,0,0,0,0,0,0,0,0,0,,,,
1415226597.53229,pg_toast,pg_toast_11615,0,0,0,0,0,0,0,0,0,0,0,0,0,0,,,,
1415226597.53229,pg_catalog,pg_description,0,0,1220,0,0,0,0,0,0,0,0,0,371,2349,0,0,0,0
1415226597.53229,pg_catalog,pg_language,0,0,0,0,0,0,0,0,0,0,0,0,0,0,,,,
1415226597.53229,pg_catalog,pg_ts_parser,0,0,0,0,0,0,0,0,0,0,0,0,0,0,,,,
1415226597.53229,pg_catalog,pg_shseclabel,0,0,0,0,0,0,0,0,0,0,0,0,0,0,,,,
1415226597.53229,pg_catalog,pg_foreign_table,0,0,0,0,0,0,0,0,0,0,0,0,0,0,,,,
1415226597.53229,pg_toast,pg_toast_11620,0,0,0,0,0,0,0,0,0,0,0,0,0,0,,,,
1415226597.53229,pg_catalog,pg_attrdef,0,0,0,0,0,0,0,0,0,0,0,0,0,0,0,0,0,0
1415226597.53229,pg_catalog,pg_ts_template,0,0,0,0,0,0,0,0,0,0,0,0,0,0,,,,
1415226597.53229,pg_catalog,pg_foreign_server,0,0,0,0,0,0,0,0,0,0,0,0,0,0,,,,
1415226597.53229,pg_catalog,pg_default_acl,0,0,1160,0,0,0,0,0,0,0,0,0,123,1037,,,,
1415226597.53229,pg_toast,pg_toast_11595,0,0,0,0,0,0,0,0,0,0,0,0,0,0,,,,
1415226597.53229,public,supplier,4,400000,0,0,100000,0,0,0,100000,0,2312,15648,0,0,,,,
1415226597.53229,information_schema,sql_packages,0,0,,,0,0,0,0,0,0,0,0,,,0,0,0,0
1415226597.53229,public,orders,4,60000000,0,0,15000000,0,0,0,15000000,0,504554,1558780,0,0,,,,
1415226597.53229,pg_catalog,pg_attribute,682,4526,199088,440282,1847,48,1672,34,2422,8,3659,215718,1098,415608,,,,
1415226597.53229,pg_catalog,pg_statistic,0,0,54291,51986,391,1156,344,856,520,135,3452,52005,404,116763,10000,52223,124,45590
1415226597.53229,public,time_statistics,0,0,,,1,0,0,0,1,0,1,0,,,,,,
1415226597.53229,pg_toast,pg_toast_2618,0,0,1082,3510,0,0,0,0,0,0,808,1079,284,1352,,,,
1415226597.53229,pg_toast,pg_toast_3596,0,0,0,0,0,0,0,0,0,0,0,0,0,0,,,,
1415226597.53229,information_schema,sql_features,0,0,,,0,0,0,0,0,0,0,0,,,0,0,0,0
1415226597.53229,public,part,6,12000000,0,0,2000000,0,0,0,2000000,0,79007,327715,0,0,,,,
1415226597.53229,pg_catalog,pg_depend,0,0,11816,12671,2205,0,2120,0,6289,858,1825,14503,3014,30594,,,,
1415226597.53229,pg_toast,pg_toast_11605,0,0,0,0,0,0,0,0,0,0,0,0,0,0,,,,
1415226597.53229,pg_catalog,pg_opclass,124,124,57866,621962,0,0,0,0,0,0,73,222107,286,71663,,,,
1415226597.53229,pg_catalog,pg_proc,0,0,87744,129856,0,0,0,0,0,0,5710,91642,2050,193877,0,0,0,0
1415226597.53229,public,nation,2,50,0,0,25,0,0,0,25,0,1,3,0,0,,,,
1415226597.53229,pg_catalog,pg_trigger,0,0,0,0,0,0,0,0,0,0,0,0,0,0,0,0,0,0
1415226597.53229,information_schema,sql_languages,0,0,,,0,0,0,0,0,0,0,0,,,0,0,0,0
1415226597.53229,pg_catalog,pg_am,10122,10122,0,0,0,0,0,0,0,0,30,10092,0,0,,,,
1415226597.53229,pg_catalog,pg_largeobject_metadata,0,0,0,0,0,0,0,0,0,0,0,0,0,0,,,,
1415226597.53229,pg_catalog,pg_ts_config_map,0,0,0,0,0,0,0,0,0,0,0,0,0,0,,,,
1415226597.53229,pg_catalog,pg_type,0,0,221294,219134,575,0,556,0,349,75,888,220620,1407,435038,,,,
1415226597.53229,information_schema,sql_sizing_profiles,0,0,,,0,0,0,0,0,0,0,0,,,0,0,0,0
1415226597.53229,pg_catalog,pg_shdepend,0,0,1526,305,0,0,0,0,0,0,135,170,531,1567,,,,
1415226597.53229,pg_catalog,pg_conversion,0,0,0,0,0,0,0,0,0,0,0,0,0,0,,,,
1415226597.53229,pg_catalog,pg_foreign_data_wrapper,0,0,0,0,0,0,0,0,0,0,0,0,0,0,,,,
1415226597.53229,pg_catalog,pg_opfamily,0,0,0,0,0,0,0,0,0,0,0,0,0,0,,,,
1415226597.53229,pg_catalog,pg_shdescription,0,0,0,0,0,0,0,0,0,0,0,0,0,0,0,0,0,0
1415226597.53229,pg_catalog,pg_tablespace,2,4,7037,7037,0,0,0,0,0,0,41,6998,82,13992,,,,
1415226597.53229,pg_catalog,pg_inherits,0,0,280,0,0,0,0,0,0,0,0,0,139,141,,,,
1415226597.53229,pg_toast,pg_toast_2606,0,0,0,0,0,0,0,0,0,0,0,0,0,0,,,,
1415226597.53229,pg_toast,pg_toast_2964,0,0,0,0,0,0,0,0,0,0,0,0,0,0,,,,
1415226597.53229,pg_catalog,pg_database,814,3145,35101,35099,1,0,0,0,1,0,9,35905,120,55331,,,,
1415226597.53229,pg_toast,pg_toast_2620,0,0,0,0,0,0,0,0,0,0,0,0,0,0,,,,
1415226597.53229,information_schema,sql_sizing,0,0,,,0,0,0,0,0,0,0,0,,,0,0,0,0
1415226597.53229,pg_catalog,pg_amproc,124,248,42563,63375,0,0,0,0,0,0,108,41588,90,94940,,,,
1415226597.53229,public,customer,6,9000000,0,0,1500000,0,0,0,1500000,0,68533,294857,0,0,,,,
1415226597.53229,pg_catalog,pg_collation,0,0,0,0,0,0,0,0,0,0,0,0,0,0,,,,
1415226597.53229,pg_catalog,pg_constraint,0,0,71,32,39,0,32,0,9,32,22,201,40,375,0,0,0,0
1415226597.53229,pg_catalog,pg_range,0,0,2244,0,0,0,0,0,0,0,0,0,317,4171,,,,
1415226597.53229,pg_toast,pg_toast_11600,0,0,0,0,0,0,0,0,0,0,0,0,0,0,,,,
1415226597.53229,pg_toast,pg_toast_11590,0,0,0,0,0,0,0,0,0,0,0,0,0,0,,,,
1415226597.53229,information_schema,sql_implementation_info,0,0,,,0,0,0,0,0,0,0,0,,,0,0,0,0
1415226597.53229,pg_catalog,pg_user_mapping,0,0,0,0,0,0,0,0,0,0,0,0,0,0,,,,
1415226597.53229,pg_catalog,pg_largeobject,0,0,0,0,0,0,0,0,0,0,0,0,0,0,,,,
1415226597.53229,pg_catalog,pg_namespace,664,9380,49024,39381,14,0,0,0,14,0,54,40027,716,59259,,,,
1415226597.53229,information_schema,sql_parts,0,0,,,0,0,0,0,0,0,0,0,,,0,0,0,0
1415226597.53229,pg_catalog,pg_authid,301,301,19392,19392,0,0,0,0,0,0,33,19660,136,38648,,,,
1415226597.53229,pg_catalog,pg_index,1503,145704,96726,140179,218,0,192,0,138,0,453,122563,184,112245,,,,
1415226597.53229,pg_catalog,pg_ts_dict,0,0,0,0,0,0,0,0,0,0,0,0,0,0,,,,
1415226597.53229,public,partsupp,3,24000000,0,0,8000000,0,0,0,8000000,0,340611,954509,0,0,,,,
1415226597.53229,pg_catalog,pg_class,3681,796746,255397,237570,508,160,472,152,324,0,1133,268466,383,485272,,,,
1415226597.53229,pg_toast,pg_toast_2396,0,0,0,0,0,0,0,0,0,0,0,0,0,0,,,,
1415226597.53229,pg_catalog,pg_enum,0,0,0,0,0,0,0,0,0,0,0,0,0,0,,,,
1415226597.53229,pg_catalog,pg_db_role_setting,0,0,30549,0,0,0,0,0,0,0,0,0,30,30519,0,0,0,0
1415226597.53229,pg_catalog,pg_seclabel,0,0,1220,0,0,0,0,0,0,0,0,0,116,1104,0,0,0,0
1415226597.53229,pg_toast,pg_toast_2609,0,0,0,0,0,0,0,0,0,0,0,0,0,0,,,,
1415226597.53229,public,region,2,10,0,0,5,0,0,0,5,0,1,3,0,0,,,,
1415226597.53229,pg_toast,pg_toast_1255,0,0,0,0,0,0,0,0,0,0,0,0,0,0,,,,
1415226597.53229,pg_catalog,pg_rewrite,0,0,2836,2356,160,0,160,0,112,17,1353,2196,585,4245,808,1079,284,1352
1415226597.53229,pg_catalog,pg_ts_config,0,0,0,0,0,0,0,0,0,0,0,0,0,0,,,,
1415226597.53229,pg_catalog,pg_extension,0,0,0,0,0,0,0,0,0,0,0,0,0,0,,,,
1415226597.53229,pg_catalog,pg_amop,0,0,85616,124480,0,0,0,0,0,0,148,124332,505,182383,,,,
1415226597.53229,pg_catalog,pg_cast,0,0,309258,76727,0,0,0,0,0,0,107,76620,64,318559,,,,
1415226597.53229,pg_toast,pg_toast_2619,0,0,38987,130057,1504,0,1295,0,231,12,10000,52223,124,45590,,,,
1415226597.53229,pg_toast,pg_toast_11610,0,0,0,0,0,0,0,0,0,0,0,0,0,0,,,,
1415226597.53229,public,lineitem,6,359916312,0,0,59986052,0,0,0,59986052,0,5483761,4282306,0,0,,,,
1415226597.53229,pg_toast,pg_toast_2604,0,0,0,0,0,0,0,0,0,0,0,0,0,0,,,,
1415226657.53297,pg_catalog,pg_auth_members,0,0,0,0,0,0,0,0,0,0,0,0,0,0,,,,
1415226657.53297,pg_catalog,pg_operator,0,0,73927,369737,0,0,0,0,0,0,815,260716,733,161544,,,,
1415226657.53297,pg_catalog,pg_aggregate,0,0,5065,5065,0,0,0,0,0,0,122,4943,325,8525,,,,
1415226657.53297,pg_catalog,pg_pltemplate,0,0,0,0,0,0,0,0,0,0,0,0,0,0,,,,
1415226657.53297,pg_toast,pg_toast_11615,0,0,0,0,0,0,0,0,0,0,0,0,0,0,,,,
1415226657.53297,pg_catalog,pg_description,0,0,1220,0,0,0,0,0,0,0,0,0,371,2349,0,0,0,0
1415226657.53297,pg_catalog,pg_language,0,0,0,0,0,0,0,0,0,0,0,0,0,0,,,,
1415226657.53297,pg_catalog,pg_ts_parser,0,0,0,0,0,0,0,0,0,0,0,0,0,0,,,,
1415226657.53297,pg_catalog,pg_shseclabel,0,0,0,0,0,0,0,0,0,0,0,0,0,0,,,,
1415226657.53297,pg_catalog,pg_foreign_table,0,0,0,0,0,0,0,0,0,0,0,0,0,0,,,,
1415226657.53297,pg_toast,pg_toast_11620,0,0,0,0,0,0,0,0,0,0,0,0,0,0,,,,
1415226657.53297,pg_catalog,pg_attrdef,0,0,0,0,0,0,0,0,0,0,0,0,0,0,0,0,0,0
1415226657.53297,pg_catalog,pg_ts_template,0,0,0,0,0,0,0,0,0,0,0,0,0,0,,,,
1415226657.53297,pg_catalog,pg_foreign_server,0,0,0,0,0,0,0,0,0,0,0,0,0,0,,,,
1415226657.53297,pg_catalog,pg_default_acl,0,0,1160,0,0,0,0,0,0,0,0,0,123,1037,,,,
1415226657.53297,pg_toast,pg_toast_11595,0,0,0,0,0,0,0,0,0,0,0,0,0,0,,,,
1415226657.53297,public,supplier,4,400000,0,0,100000,0,0,0,100000,0,2312,15648,0,0,,,,
1415226657.53297,information_schema,sql_packages,0,0,,,0,0,0,0,0,0,0,0,,,0,0,0,0
1415226657.53297,public,orders,4,60000000,0,0,15000000,0,0,0,15000000,0,504554,1558780,0,0,,,,
1415226657.53297,pg_catalog,pg_attribute,682,4526,199267,440621,1849,50,1672,36,2424,10,3659,215905,1098,415980,,,,
1415226657.53297,pg_catalog,pg_statistic,0,0,54310,52001,391,1156,344,856,520,135,3452,52020,404,116804,10000,52225,124,45594
1415226657.53297,public,time_statistics,0,0,,,1,0,0,0,1,0,1,0,,,,,,
1415226657.53297,pg_toast,pg_toast_2618,0,0,1086,3523,0,0,0,0,0,0,808,1086,284,1358,,,,
1415226657.53297,pg_toast,pg_toast_3596,0,0,0,0,0,0,0,0,0,0,0,0,0,0,,,,
1415226657.53297,information_schema,sql_features,0,0,,,0,0,0,0,0,0,0,0,,,0,0,0,0
1415226657.53297,public,part,6,12000000,0,0,2000000,0,0,0,2000000,0,79007,327715,0,0,,,,
1415226657.53297,pg_catalog,pg_depend,0,0,11821,12675,2208,0,2120,0,6292,858,1825,14513,3014,30618,,,,
1415226657.53297,pg_toast,pg_toast_11605,0,0,0,0,0,0,0,0,0,0,0,0,0,0,,,,
1415226657.53297,pg_catalog,pg_opclass,124,124,57882,622138,0,0,0,0,0,0,73,222155,286,71687,,,,
1415226657.53297,pg_catalog,pg_proc,0,0,87808,129941,0,0,0,0,0,0,5710,91715,2050,194014,0,0,0,0
1415226657.53297,public,nation,2,50,0,0,25,0,0,0,25,0,1,3,0,0,,,,
1415226657.53297,pg_catalog,pg_trigger,0,0,0,0,0,0,0,0,0,0,0,0,0,0,0,0,0,0
1415226657.53297,information_schema,sql_languages,0,0,,,0,0,0,0,0,0,0,0,,,0,0,0,0
1415226657.53297,pg_catalog,pg_am,10128,10128,0,0,0,0,0,0,0,0,30,10098,0,0,,,,
1415226657.53297,pg_catalog,pg_largeobject_metadata,0,0,0,0,0,0,0,0,0,0,0,0,0,0,,,,
1415226657.53297,pg_catalog,pg_ts_config_map,0,0,0,0,0,0,0,0,0,0,0,0,0,0,,,,
1415226657.53297,pg_catalog,pg_type,0,0,221350,219190,575,0,556,0,349,75,888,220676,1407,435154,,,,
1415226657.53297,information_schema,sql_sizing_profiles,0,0,,,0,0,0,0,0,0,0,0,,,0,0,0,0
1415226657.53297,pg_catalog,pg_shdepend,0,0,1526,305,0,0,0,0,0,0,135,170,531,1567,,,,
1415226657.53297,pg_catalog,pg_conversion,0,0,0,0,0,0,0,0,0,0,0,0,0,0,,,,
1415226657.53297,pg_catalog,pg_foreign_data_wrapper,0,0,0,0,0,0,0,0,0,0,0,0,0,0,,,,
1415226657.53297,pg_catalog,pg_opfamily,0,0,0,0,0,0,0,0,0,0,0,0,0,0,,,,
1415226657.53297,pg_catalog,pg_shdescription,0,0,0,0,0,0,0,0,0,0,0,0,0,0,0,0,0,0
1415226657.53297,pg_catalog,pg_tablespace,2,4,7040,7040,0,0,0,0,0,0,41,7001,82,13998,,,,
1415226657.53297,pg_catalog,pg_inherits,0,0,280,0,0,0,0,0,0,0,0,0,139,141,,,,
1415226657.53297,pg_toast,pg_toast_2606,0,0,0,0,0,0,0,0,0,0,0,0,0,0,,,,
1415226657.53297,pg_toast,pg_toast_2964,0,0,0,0,0,0,0,0,0,0,0,0,0,0,,,,
1415226657.53297,pg_catalog,pg_database,817,3157,35121,35119,1,0,0,0,1,0,9,35928,120,55363,,,,
1415226657.53297,pg_toast,pg_toast_2620,0,0,0,0,0,0,0,0,0,0,0,0,0,0,,,,
1415226657.53297,information_schema,sql_sizing,0,0,,,0,0,0,0,0,0,0,0,,,0,0,0,0
1415226657.53297,pg_catalog,pg_amproc,124,248,42575,63396,0,0,0,0,0,0,108,41600,90,94969,,,,
1415226657.53297,public,customer,6,9000000,0,0,1500000,0,0,0,1500000,0,68533,294857,0,0,,,,
1415226657.53297,pg_catalog,pg_collation,0,0,0,0,0,0,0,0,0,0,0,0,0,0,,,,
1415226657.53297,pg_catalog,pg_constraint,0,0,72,32,40,0,32,0,10,32,22,205,40,384,0,0,0,0
1415226657.53297,pg_catalog,pg_range,0,0,2244,0,0,0,0,0,0,0,0,0,317,4171,,,,
1415226657.53297,pg_toast,pg_toast_11600,0,0,0,0,0,0,0,0,0,0,0,0,0,0,,,,
1415226657.53297,pg_toast,pg_toast_11590,0,0,0,0,0,0,0,0,0,0,0,0,0,0,,,,
1415226657.53297,information_schema,sql_implementation_info,0,0,,,0,0,0,0,0,0,0,0,,,0,0,0,0
1415226657.53297,pg_catalog,pg_user_mapping,0,0,0,0,0,0,0,0,0,0,0,0,0,0,,,,
1415226657.53297,pg_catalog,pg_largeobject,0,0,0,0,0,0,0,0,0,0,0,0,0,0,,,,
1415226657.53297,pg_catalog,pg_namespace,666,9420,49172,39525,14,0,0,0,14,0,54,40173,716,59413,,,,
1415226657.53297,information_schema,sql_parts,0,0,,,0,0,0,0,0,0,0,0,,,0,0,0,0
1415226657.53297,pg_catalog,pg_authid,301,301,19400,19400,0,0,0,0,0,0,33,19668,136,38664,,,,
1415226657.53297,pg_catalog,pg_index,1507,146248,96772,140244,219,0,192,0,139,0,453,122641,184,112302,,,,
1415226657.53297,pg_catalog,pg_ts_dict,0,0,0,0,0,0,0,0,0,0,0,0,0,0,,,,
1415226657.53297,public,partsupp,3,24000000,0,0,8000000,0,0,0,8000000,0,340611,954509,0,0,,,,
1415226657.53297,pg_catalog,pg_class,3691,799421,255734,237904,509,160,472,152,325,0,1133,268897,383,485960,,,,
1415226657.53297,pg_toast,pg_toast_2396,0,0,0,0,0,0,0,0,0,0,0,0,0,0,,,,
1415226657.53297,pg_catalog,pg_enum,0,0,0,0,0,0,0,0,0,0,0,0,0,0,,,,
1415226657.53297,pg_catalog,pg_db_role_setting,0,0,30567,0,0,0,0,0,0,0,0,0,30,30537,0,0,0,0
1415226657.53297,pg_catalog,pg_seclabel,0,0,1220,0,0,0,0,0,0,0,0,0,116,1104,0,0,0,0
1415226657.53297,pg_toast,pg_toast_2609,0,0,0,0,0,0,0,0,0,0,0,0,0,0,,,,
1415226657.53297,public,region,2,10,0,0,5,0,0,0,5,0,1,3,0,0,,,,
1415226657.53297,pg_toast,pg_toast_1255,0,0,0,0,0,0,0,0,0,0,0,0,0,0,,,,
1415226657.53297,pg_catalog,pg_rewrite,0,0,2841,2361,160,0,160,0,112,17,1353,2201,585,4253,808,1086,284,1358
1415226657.53297,pg_catalog,pg_ts_config,0,0,0,0,0,0,0,0,0,0,0,0,0,0,,,,
1415226657.53297,pg_catalog,pg_extension,0,0,0,0,0,0,0,0,0,0,0,0,0,0,,,,
1415226657.53297,pg_catalog,pg_amop,0,0,85633,124501,0,0,0,0,0,0,148,124353,505,182421,,,,
1415226657.53297,pg_catalog,pg_cast,0,0,309304,76751,0,0,0,0,0,0,107,76644,64,318609,,,,
1415226657.53297,pg_toast,pg_toast_2619,0,0,38989,130061,1504,0,1295,0,231,12,10000,52225,124,45594,,,,
1415226657.53297,pg_toast,pg_toast_11610,0,0,0,0,0,0,0,0,0,0,0,0,0,0,,,,
1415226657.53297,public,lineitem,8,479888416,0,0,59986052,0,0,0,59986052,0,7599463,4297438,0,0,,,,
1415226657.53297,pg_toast,pg_toast_2604,0,0,0,0,0,0,0,0,0,0,0,0,0,0,,,,
